,id1,id2,func,type,train
0,8786313,7839341,13,0,1
0,23677156,23677157,13,4,1
1,6088697,23677155,13,4,1
1,8786313,22961758,7,0,0
2,8786313,6138230,13,0,1
3,8786313,23677157,7,0,1
4,8786313,22648484,13,0,0
4,531920,23677226,44,4,0
5,8786313,13088706,7,0,1
6,8786313,19654782,13,0,1
7,8786313,966813,7,0,1
8,8972522,23677226,44,4,1
8,8786313,17467511,13,0,0
9,8786313,2451218,7,0,1
10,8786313,17621070,13,0,1
11,8786313,19654781,7,0,1
12,22060129,23677226,44,4,1
12,8786313,9210368,13,0,1
13,8786313,10868405,7,0,0
14,103828,23677226,44,4,1
14,8786313,20740028,13,0,1
15,8786313,17621068,7,0,1
16,8786313,7436917,13,0,0
17,8359775,23677133,7,4,0
17,966813,23677155,13,4,1
17,8786313,2315719,7,0,1
18,8786313,22181822,13,0,1
19,13088706,23677155,13,4,1
19,8786313,19119522,7,0,1
20,8786313,13088707,13,0,0
21,8786313,10258420,7,0,1
22,8786313,5936119,13,0,1
22,16152856,23677226,44,4,0
23,8786313,20328639,7,0,1
24,8786313,20328638,13,0,1
25,8786313,17510245,7,0,1
26,8786313,1313371,13,0,1
27,8786313,11205237,7,0,1
28,8786313,9883524,13,0,1
29,8786313,14009710,7,0,1
30,8786313,6088697,13,0,1
31,20740028,23677155,13,4,1
31,20680657,23677133,7,4,1
31,8786313,5226973,7,0,0
32,8786313,7357528,13,0,1
33,8786313,5172908,7,0,1
34,8786313,10496866,13,0,1
34,5226973,23677155,13,4,1
35,8786313,7200130,7,0,1
36,8786313,6938966,13,0,1
37,8786313,3596849,7,0,1
38,22648484,23677155,13,4,1
38,8786313,8586224,13,0,1
39,8786313,17621072,7,0,0
40,8786313,15064,13,0,0
41,8786313,23677156,7,0,0
42,8786313,13140215,13,0,1
43,8786313,3894025,7,0,1
44,8786313,7079645,13,0,1
45,8786313,3596847,7,0,1
45,7839341,23677155,13,4,0
46,8786313,3596828,13,0,1
47,8786313,2423912,7,0,0
48,9883524,23677155,13,4,1
48,4758170,23677226,44,4,1
48,8786313,7839340,13,0,0
49,8786313,17621069,7,0,1
50,8786313,16380022,13,0,1
51,8786313,1721214,7,0,1
52,8786313,13160464,13,0,1
53,8786313,19654783,7,0,0
54,8786313,7670209,13,0,1
55,8786313,19654780,7,0,1
56,4328782,23677226,44,4,1
56,8786313,17621071,13,0,1
56,7200130,23677155,13,4,1
57,8786313,23677155,7,0,1
58,8786313,17621073,13,0,1
58,950313,23677226,44,4,1
59,8786313,4490317,7,0,1
60,8786313,19076717,13,0,1
61,8786313,3596848,7,0,1
61,10868405,23677155,13,4,1
62,3596849,23677155,13,4,1
62,8786313,7848932,13,0,1
63,8786313,13912756,7,0,1
64,8786313,20328640,13,0,1
65,8786313,8533735,7,0,1
66,23677141,7839341,13,0,1
67,23677141,22961758,7,0,1
68,7848932,23677155,13,4,1
68,23677141,6138230,13,0,1
69,23677141,23677157,7,0,1
70,23677141,22648484,13,0,1
71,19119522,23677157,13,4,0
71,23677141,13088706,7,0,0
72,23677141,19654782,13,0,1
73,23677141,966813,7,0,1
74,23677141,17467511,13,0,1
75,23677141,2451218,7,0,0
75,7079645,23677157,13,4,1
76,23677141,17621070,13,0,1
76,10496866,23677157,13,4,0
77,23677141,19654781,7,0,0
78,17630907,23677133,7,4,1
78,23677141,9210368,13,0,1
79,23677141,10868405,7,0,1
80,23677141,20740028,13,0,0
81,23677141,17621068,7,0,1
82,7839340,23677157,13,4,0
82,23677141,7436917,13,0,1
83,23677141,2315719,7,0,1
83,21273056,23677133,7,4,1
84,2423912,23677157,13,4,1
84,23677141,22181822,13,0,1
85,966813,23677157,13,4,0
85,23677141,19119522,7,0,1
86,23677141,13088707,13,0,1
87,23677141,10258420,7,0,0
88,23677141,5936119,13,0,1
89,23677141,20328639,7,0,1
90,9755674,23677226,44,4,1
90,23677141,20328638,13,0,1
91,23677141,17510245,7,0,1
92,23677141,1313371,13,0,0
93,23677141,11205237,7,0,1
94,23677141,9883524,13,0,1
95,23677141,14009710,7,0,1
96,23677141,6088697,13,0,1
97,23677141,5226973,7,0,1
98,23677141,7357528,13,0,1
99,23677141,5172908,7,0,1
100,23677141,10496866,13,0,1
101,23677141,7200130,7,0,1
102,23677141,6938966,13,0,1
103,23677141,3596849,7,0,1
104,17621071,23677157,13,4,1
104,23677141,8586224,13,0,1
105,23677141,17621072,7,0,0
105,13160464,23677157,13,4,1
106,22648484,23677157,13,4,1
106,23677141,15064,13,0,0
107,590962,23677226,44,4,1
107,23677141,23677156,7,0,1
108,23677141,13140215,13,0,1
108,7436917,23677157,13,4,0
108,23355904,23677226,44,4,0
109,23677141,3894025,7,0,1
110,23677141,7079645,13,0,0
111,23677141,3596847,7,0,1
112,10067403,23677226,44,4,1
112,23677141,3596828,13,0,0
113,23677141,2423912,7,0,1
113,22137813,23677133,7,4,1
113,7839341,23677157,13,4,1
114,23677141,7839340,13,0,1
115,23677141,17621069,7,0,0
116,23677141,16380022,13,0,1
117,23677141,1721214,7,0,1
118,8586224,23677157,13,4,1
118,23677141,13160464,13,0,1
119,23677141,19654783,7,0,1
120,13088707,23677157,13,4,1
120,3868943,23677226,44,4,0
120,23677141,7670209,13,0,0
121,23677141,19654780,7,0,1
121,4128381,23677226,44,4,1
122,23677141,17621071,13,0,0
123,15822137,23677135,7,4,1
123,23677141,23677155,7,0,0
124,23677141,17621073,13,0,0
125,23677141,4490317,7,0,1
126,23677141,19076717,13,0,0
126,19076717,23677157,13,4,1
127,23677141,3596848,7,0,1
128,23677141,7848932,13,0,0
129,19654780,23677157,13,4,0
129,23677141,13912756,7,0,1
130,23677141,20328640,13,0,0
131,23677141,8533735,7,0,1
131,3596849,23677157,13,4,1
132,14632238,7839341,13,0,0
133,14632238,22961758,7,0,1
134,14632238,6138230,13,0,1
135,426940,23677226,44,4,0
135,14632238,23677157,7,0,1
136,14632238,22648484,13,0,1
137,7848932,23677157,13,4,1
137,14632238,13088706,7,0,1
138,14632238,19654782,13,0,1
138,14632238,23677135,7,4,1
139,14632238,966813,7,0,0
139,9075137,23677135,7,4,0
140,14632238,17467511,13,0,1
141,14632238,2451218,7,0,1
142,15064,23677156,13,4,1
142,14632238,17621070,13,0,1
143,7079645,23677156,13,4,1
143,14632238,19654781,7,0,0
144,14632238,9210368,13,0,1
145,14632238,10868405,7,0,1
146,14632238,20740028,13,0,0
146,136941,23677226,44,4,1
146,7357528,23677156,13,4,1
147,14632238,17621068,7,0,1
148,14632238,7436917,13,0,0
149,14632238,2315719,7,0,1
150,14632238,22181822,13,0,1
151,14632238,19119522,7,0,1
152,14632238,13088707,13,0,1
153,14632238,10258420,7,0,1
154,14632238,5936119,13,0,0
155,14632238,20328639,7,0,1
156,14632238,20328638,13,0,1
157,14632238,17510245,7,0,1
158,14632238,1313371,13,0,1
158,5936119,23677156,13,4,1
159,5226973,23677156,13,4,1
159,14632238,11205237,7,0,1
160,14632238,9883524,13,0,1
161,14632238,14009710,7,0,1
162,14632238,6088697,13,0,1
163,13839383,23677226,44,4,1
163,14632238,5226973,7,0,1
164,14632238,7357528,13,0,1
164,11939522,23677135,7,4,1
165,14632238,5172908,7,0,1
166,14632238,10496866,13,0,1
166,9883524,23677156,13,4,1
167,14632238,7200130,7,0,0
168,14632238,6938966,13,0,1
169,14632238,3596849,7,0,1
170,14632238,8586224,13,0,1
171,4490317,23677156,13,4,1
171,14632238,17621072,7,0,1
172,14632238,15064,13,0,1
173,14632238,23677156,7,0,1
174,14632238,13140215,13,0,1
175,14632238,3894025,7,0,0
175,10868405,23677156,13,4,1
176,14632238,7079645,13,0,1
177,14632238,3596847,7,0,0
178,14632238,3596828,13,0,1
179,14632238,2423912,7,0,1
180,14632238,7839340,13,0,1
181,14632238,17621069,7,0,0
182,14632238,16380022,13,0,1
183,14632238,1721214,7,0,0
183,7670209,23677156,13,4,1
184,6088697,17621070,13,4,1
184,14632238,13160464,13,0,0
185,14632238,19654783,7,0,1
186,14632238,7670209,13,0,1
187,14632238,19654780,7,0,1
188,14632238,17621071,13,0,1
189,14632238,23677155,7,0,1
189,6088697,7079645,13,4,1
190,14632238,17621073,13,0,1
191,14632238,4490317,7,0,1
192,14632238,19076717,13,0,1
193,14632238,3596848,7,0,1
194,14632238,7848932,13,0,1
195,14632238,13912756,7,0,1
196,14632238,20328640,13,0,1
197,14632238,8533735,7,0,1
198,9385633,7839341,13,0,1
199,9385633,22961758,7,0,1
200,9385633,6138230,13,0,0
201,9385633,23677157,7,0,1
202,9385633,22648484,13,0,1
203,9385633,13088706,7,0,1
204,9385633,19654782,13,0,1
205,9385633,966813,7,0,1
205,6088697,20328640,13,4,1
206,2315719,6088697,13,4,0
206,9385633,17467511,13,0,1
207,9385633,2451218,7,0,0
208,9385633,17621070,13,0,1
209,9385633,19654781,7,0,0
210,9385633,9210368,13,0,1
211,9385633,10868405,7,0,1
212,9385633,20740028,13,0,1
213,9385633,17621068,7,0,0
214,9385633,7436917,13,0,1
215,9385633,2315719,7,0,1
216,9385633,22181822,13,0,1
217,9385633,19119522,7,0,1
217,22486940,23677135,7,4,1
218,9385633,13088707,13,0,1
219,6088697,17621071,13,4,1
219,9385633,10258420,7,0,1
220,9385633,5936119,13,0,1
221,9385633,20328639,7,0,1
221,21273055,23677135,7,4,0
222,9385633,20328638,13,0,1
223,9385633,17510245,7,0,1
224,9385633,1313371,13,0,0
225,9385633,11205237,7,0,1
226,9385633,9883524,13,0,1
227,9385633,14009710,7,0,1
228,9385633,6088697,13,0,0
228,6088697,7839341,13,4,1
229,1721214,6088697,13,4,1
229,9385633,5226973,7,0,1
230,9385633,7357528,13,0,1
231,9385633,5172908,7,0,1
232,9385633,10496866,13,0,1
233,9385633,7200130,7,0,1
233,6088697,8586224,13,4,1
234,9385633,6938966,13,0,1
235,9385633,3596849,7,0,1
236,9385633,8586224,13,0,1
237,9385633,17621072,7,0,1
238,9385633,15064,13,0,1
239,9385633,23677156,7,0,1
240,9385633,13140215,13,0,1
241,9385633,3894025,7,0,1
242,6088697,6938966,13,4,0
242,9385633,7079645,13,0,1
243,9385633,3596847,7,0,1
244,9385633,3596828,13,0,1
245,9385633,2423912,7,0,1
245,6088697,19654780,13,4,0
246,9385633,7839340,13,0,1
247,9385633,17621069,7,0,1
248,9385633,16380022,13,0,1
249,9385633,1721214,7,0,1
250,9385633,13160464,13,0,1
251,9385633,19654783,7,0,1
252,3894025,6088697,13,4,1
252,9385633,7670209,13,0,1
253,9385633,19654780,7,0,1
254,9385633,17621071,13,0,1
255,6088697,7848932,13,4,1
255,9385633,23677155,7,0,1
256,9385633,17621073,13,0,1
257,9385633,4490317,7,0,1
258,9385633,19076717,13,0,1
259,9385633,3596848,7,0,1
260,9385633,7848932,13,0,1
261,9385633,13912756,7,0,1
261,7079645,17621070,13,4,1
262,10496866,17621070,13,4,1
262,9385633,20328640,13,0,1
263,9385633,8533735,7,0,1
264,7357528,17621070,13,4,1
264,120983,7839341,13,0,1
265,120983,22961758,7,0,1
266,120983,6138230,13,0,1
267,120983,23677157,7,0,1
268,521113,23677134,7,4,1
268,120983,22648484,13,0,1
269,120983,13088706,7,0,0
270,120983,19654782,13,0,1
271,120983,966813,7,0,1
272,120983,17467511,13,0,1
273,120983,2451218,7,0,1
273,2315719,17621070,13,4,1
274,120983,17621070,13,0,1
275,120983,19654781,7,0,1
276,13912756,17621070,13,4,1
276,120983,9210368,13,0,1
277,120983,10868405,7,0,1
278,120983,20740028,13,0,1
278,17510245,17621070,13,4,1
279,120983,17621068,7,0,1
279,9210368,17621070,13,4,1
280,120983,7436917,13,0,1
280,17621070,20740028,13,4,1
281,120983,2315719,7,0,1
282,120983,22181822,13,0,1
283,13160464,17621070,13,4,1
283,120983,19119522,7,0,1
284,120983,13088707,13,0,0
285,120983,10258420,7,0,1
286,120983,5936119,13,0,1
287,120983,20328639,7,0,1
288,11205237,17621070,13,4,1
288,120983,20328638,13,0,1
289,120983,17510245,7,0,1
290,120983,1313371,13,0,1
290,1721214,17621070,13,4,1
291,120983,11205237,7,0,0
291,9883524,17621070,13,4,1
292,120983,9883524,13,0,0
293,120983,14009710,7,0,1
294,120983,6088697,13,0,0
295,13088707,17621070,13,4,1
295,120983,5226973,7,0,1
296,120983,7357528,13,0,1
297,120983,5172908,7,0,1
298,120983,10496866,13,0,1
299,120983,7200130,7,0,1
299,17583188,23677134,7,4,1
300,17621070,19076717,13,4,1
300,120983,6938966,13,0,1
301,120983,3596849,7,0,1
302,120983,8586224,13,0,1
303,120983,17621072,7,0,1
303,22307690,23677134,7,4,1
304,120983,15064,13,0,1
305,120983,23677156,7,0,1
306,120983,13140215,13,0,1
306,3338750,23677134,7,4,1
307,120983,3894025,7,0,1
308,120983,7079645,13,0,0
309,120983,3596847,7,0,1
310,1313371,17621070,13,4,0
310,120983,3596828,13,0,1
311,120983,2423912,7,0,1
312,120983,7839340,13,0,1
313,120983,17621069,7,0,0
313,5172908,17621070,13,4,1
314,7848932,17621070,13,4,1
314,120983,16380022,13,0,1
315,120983,1721214,7,0,1
316,120983,13160464,13,0,1
317,120983,19654783,7,0,0
318,3596828,19119522,13,4,1
318,120983,7670209,13,0,1
319,120983,19654780,7,0,0
320,120983,17621071,13,0,1
320,7079645,19119522,13,4,1
321,120983,23677155,7,0,1
321,10496866,19119522,13,4,1
322,120983,17621073,13,0,0
323,120983,4490317,7,0,1
324,120983,19076717,13,0,1
325,120983,3596848,7,0,1
326,120983,7848932,13,0,0
327,120983,13912756,7,0,1
328,120983,20328640,13,0,1
329,120983,8533735,7,0,1
329,2423912,19119522,13,4,1
330,477320,7839341,13,0,1
330,966813,19119522,13,4,0
331,477320,22961758,7,0,0
332,477320,6138230,13,0,1
332,6622146,23677134,7,4,1
332,13088706,19119522,13,4,1
333,477320,23677157,7,0,1
334,477320,22648484,13,0,1
334,10258420,19119522,13,4,0
335,477320,13088706,7,0,1
336,477320,19654782,13,0,1
336,19119522,20328640,13,4,1
337,477320,966813,7,0,1
338,477320,17467511,13,0,1
339,477320,2451218,7,0,1
340,13912756,19119522,13,4,0
340,477320,17621070,13,0,1
341,477320,19654781,7,0,1
342,477320,9210368,13,0,1
343,477320,10868405,7,0,0
343,17510245,19119522,13,4,0
344,477320,20740028,13,0,1
344,9210368,19119522,13,4,1
345,477320,17621068,7,0,0
346,477320,7436917,13,0,1
347,477320,2315719,7,0,1
348,5226973,19119522,13,4,1
348,477320,22181822,13,0,0
349,477320,19119522,7,0,1
350,477320,13088707,13,0,1
351,477320,10258420,7,0,0
352,19119522,22648484,13,4,1
352,477320,5936119,13,0,1
353,21273055,23677134,7,4,1
353,477320,20328639,7,0,1
354,477320,20328638,13,0,1
354,7436917,19119522,13,4,0
355,477320,17510245,7,0,0
356,426940,531920,44,4,1
356,477320,1313371,13,0,1
357,477320,11205237,7,0,1
357,11205237,19119522,13,4,1
358,477320,9883524,13,0,1
359,477320,14009710,7,0,1
359,7839341,19119522,13,4,1
360,1721214,19119522,13,4,0
360,477320,6088697,13,0,1
361,477320,5226973,7,0,1
361,11371499,23677134,7,4,1
362,477320,7357528,13,0,0
363,477320,5172908,7,0,1
364,426940,590962,44,4,1
364,477320,10496866,13,0,1
365,477320,7200130,7,0,1
366,477320,6938966,13,0,0
367,477320,3596849,7,0,1
368,477320,8586224,13,0,1
369,477320,17621072,7,0,1
369,426940,23355904,44,4,1
369,8533735,19119522,13,4,1
370,477320,15064,13,0,1
371,477320,23677156,7,0,0
372,477320,13140215,13,0,0
373,477320,3894025,7,0,0
374,477320,7079645,13,0,1
374,6938966,19119522,13,4,0
375,477320,3596847,7,0,1
376,477320,3596828,13,0,1
376,426940,8972522,44,4,1
377,477320,2423912,7,0,1
378,477320,7839340,13,0,1
378,10868405,19119522,13,4,1
379,477320,17621069,7,0,1
380,477320,16380022,13,0,0
381,477320,1721214,7,0,0
382,477320,13160464,13,0,1
383,477320,19654783,7,0,1
384,477320,7670209,13,0,1
385,13295656,23677145,7,4,0
385,477320,19654780,7,0,0
386,477320,17621071,13,0,1
386,5172908,19119522,13,4,1
387,7848932,19119522,13,4,1
387,477320,23677155,7,0,1
388,477320,17621073,13,0,1
389,477320,4490317,7,0,1
389,426940,10067403,44,4,1
390,477320,19076717,13,0,1
391,477320,3596848,7,0,1
392,477320,7848932,13,0,1
393,477320,13912756,7,0,1
394,477320,20328640,13,0,1
395,477320,8533735,7,0,1
396,17630908,7839341,13,0,0
396,11261440,23677145,7,4,0
396,426940,22060129,44,4,0
397,17630908,22961758,7,0,1
398,17630908,6138230,13,0,0
399,17630908,23677157,7,0,1
400,136941,426940,44,4,1
400,17630908,22648484,13,0,0
401,17630908,13088706,7,0,1
402,17630908,19654782,13,0,0
403,17630908,966813,7,0,1
404,17630908,17467511,13,0,0
405,17630908,2451218,7,0,1
406,17630908,17621070,13,0,1
407,426940,4758170,44,4,1
407,17630908,19654781,7,0,0
408,17630908,9210368,13,0,1
409,17630908,10868405,7,0,0
410,17630908,20740028,13,0,1
411,17630908,17621068,7,0,1
412,17630908,7436917,13,0,1
413,17630908,2315719,7,0,0
413,17630906,23677145,7,4,1
414,17630908,22181822,13,0,1
415,17630908,19119522,7,0,1
416,17630908,13088707,13,0,1
417,17630908,10258420,7,0,1
418,17630908,5936119,13,0,1
419,17630908,20328639,7,0,1
420,17630908,20328638,13,0,1
421,17630908,17510245,7,0,1
422,17630908,1313371,13,0,1
423,17630908,11205237,7,0,1
424,17630908,9883524,13,0,1
425,17630908,14009710,7,0,1
426,17630908,6088697,13,0,1
427,17630908,5226973,7,0,0
428,17630908,7357528,13,0,1
428,426940,3868943,44,4,1
429,17630908,5172908,7,0,1
430,17630908,10496866,13,0,1
431,17630908,7200130,7,0,0
432,17630908,6938966,13,0,1
433,17630908,3596849,7,0,0
433,426940,4128381,44,4,1
434,17630908,8586224,13,0,1
435,17630908,17621072,7,0,1
436,17630908,15064,13,0,1
437,17630908,23677156,7,0,1
438,17630908,13140215,13,0,0
439,17630908,3894025,7,0,1
440,17630908,7079645,13,0,1
441,17630908,3596847,7,0,0
442,17630908,3596828,13,0,1
443,17630908,2423912,7,0,1
444,17630908,7839340,13,0,1
445,17630908,17621069,7,0,1
445,426940,16152856,44,4,1
446,17630908,16380022,13,0,1
447,426940,4328782,44,4,0
447,17630908,1721214,7,0,1
448,17630908,13160464,13,0,0
449,17630908,19654783,7,0,1
450,17630908,7670209,13,0,0
451,426940,9755674,44,4,1
451,17630908,19654780,7,0,0
452,17630908,17621071,13,0,0
453,17630908,23677155,7,0,1
453,4860089,23677145,7,4,1
454,17630908,17621073,13,0,0
455,17630908,4490317,7,0,1
456,17630908,19076717,13,0,1
457,426940,950313,44,4,1
457,17630908,3596848,7,0,0
458,17630908,7848932,13,0,0
459,17630908,13912756,7,0,1
460,17630908,20328640,13,0,1
461,17630908,8533735,7,0,0
462,5682569,7839341,13,0,1
462,7079645,17621072,13,4,0
463,10496866,17621072,13,4,1
463,5682569,22961758,7,0,1
464,5682569,6138230,13,0,1
465,5682569,23677157,7,0,1
466,5682569,22648484,13,0,0
466,7357528,17621072,13,4,1
467,5682569,13088706,7,0,0
468,5682569,19654782,13,0,1
469,5682569,966813,7,0,1
470,5682569,17467511,13,0,1
471,5682569,2451218,7,0,1
472,5682569,17621070,13,0,1
473,5682569,19654781,7,0,1
474,5682569,9210368,13,0,1
475,5682569,10868405,7,0,0
476,5682569,20740028,13,0,0
476,17621072,20328638,13,4,0
477,5682569,17621068,7,0,1
478,5682569,7436917,13,0,1
479,17621072,19654781,13,4,1
479,5682569,2315719,7,0,0
479,10174628,23677145,7,4,1
480,5682569,22181822,13,0,1
481,17510245,17621072,13,4,1
481,5682569,19119522,7,0,1
482,5682569,13088707,13,0,1
483,5682569,10258420,7,0,1
484,5682569,5936119,13,0,0
484,5936119,17621072,13,4,1
484,426940,13839383,44,4,1
485,5226973,17621072,13,4,1
485,5682569,20328639,7,0,1
486,10598170,23677145,7,4,1
486,5682569,20328638,13,0,1
487,5682569,17510245,7,0,1
488,5682569,1313371,13,0,1
489,5682569,11205237,7,0,0
490,5682569,9883524,13,0,1
491,5682569,14009710,7,0,1
491,2086684,23677145,7,4,1
492,5682569,6088697,13,0,1
493,5682569,5226973,7,0,1
494,5682569,7357528,13,0,0
495,5682569,5172908,7,0,0
496,5682569,10496866,13,0,0
497,5682569,7200130,7,0,1
498,5682569,6938966,13,0,1
499,5682569,3596849,7,0,1
500,8786313,9755674,44,0,1
501,8786313,4128381,7,0,1
502,8786313,4758170,44,0,1
503,8786313,3868943,7,0,1
503,4490317,17621072,13,4,1
504,17621072,19076717,13,4,1
504,8786313,4328782,44,0,1
505,8786313,8972522,7,0,1
506,17621072,20328639,13,4,1
506,8786313,13839383,44,0,1
507,8786313,16152856,7,0,1
508,8786313,531920,44,0,1
509,8786313,10067403,7,0,1
510,8786313,136941,44,0,1
510,3596849,17621072,13,4,0
511,8786313,22060129,7,0,1
512,17621072,22181822,13,4,1
512,8786313,103828,44,0,1
513,8359775,23677144,7,4,1
513,8786313,23355904,7,0,1
514,8786313,23677226,44,0,1
515,8786313,426940,7,0,1
516,8786313,590962,44,0,1
517,8786313,950313,7,0,1
518,23677141,9755674,44,0,1
519,23677141,4128381,7,0,1
520,23677141,4758170,44,0,1
521,23677141,3868943,7,0,1
522,23677141,4328782,44,0,0
523,23677141,8972522,7,0,1
524,23677141,13839383,44,0,1
525,23677141,16152856,7,0,0
526,23677141,531920,44,0,0
527,23677141,10067403,7,0,1
528,23677141,136941,44,0,1
529,23677141,22060129,7,0,1
530,23677141,103828,44,0,1
531,23677141,23355904,7,0,1
532,23677141,23677226,44,0,1
533,23677141,426940,7,0,1
534,23677141,590962,44,0,1
535,23677141,950313,7,0,1
536,14632238,9755674,44,0,1
537,14632238,4128381,7,0,1
538,14632238,4758170,44,0,0
539,3596828,20328638,13,4,0
539,14632238,3868943,7,0,1
540,14632238,4328782,44,0,1
541,14632238,8972522,7,0,1
542,14632238,13839383,44,0,1
543,14632238,16152856,7,0,1
543,3596828,19654783,13,4,1
544,14632238,531920,44,0,0
545,14632238,10067403,7,0,1
545,3596828,9210368,13,4,1
546,3596828,20740028,13,4,1
546,14632238,136941,44,0,1
547,14632238,22060129,7,0,0
548,14632238,103828,44,0,1
549,3596828,5226973,13,4,1
549,14632238,23355904,7,0,1
550,14632238,23677226,44,0,1
551,14632238,426940,7,0,1
552,14632238,590962,44,0,0
553,14632238,950313,7,0,1
554,9385633,9755674,44,0,1
555,9385633,4128381,7,0,1
556,9385633,4758170,44,0,1
557,9385633,3868943,7,0,0
558,9385633,4328782,44,0,1
559,9385633,8972522,7,0,1
560,9385633,13839383,44,0,1
561,9385633,16152856,7,0,1
562,9385633,531920,44,0,1
563,9385633,10067403,7,0,1
564,11374801,23677144,7,4,1
564,9385633,136941,44,0,1
565,9385633,22060129,7,0,1
566,9385633,103828,44,0,0
567,9385633,23355904,7,0,1
568,9385633,23677226,44,0,1
568,2451218,3596828,13,4,1
569,9385633,426940,7,0,1
570,3596828,8533735,13,4,0
570,9385633,590962,44,0,1
571,17583188,23677144,7,4,0
571,9385633,950313,7,0,0
572,81754,23677144,7,4,1
572,120983,9755674,44,0,0
573,120983,4128381,7,0,1
573,3596828,4490317,13,4,1
574,3596828,19076717,13,4,1
574,120983,4758170,44,0,1
575,120983,3868943,7,0,1
576,120983,4328782,44,0,1
576,3596828,20328639,13,4,1
577,120983,8972522,7,0,0
578,120983,13839383,44,0,1
579,120983,16152856,7,0,1
580,120983,531920,44,0,1
581,120983,10067403,7,0,1
581,23089693,23677144,7,4,1
582,120983,136941,44,0,1
583,120983,22060129,7,0,0
583,3596828,19654782,13,4,1
584,120983,103828,44,0,1
585,120983,23355904,7,0,0
586,120983,23677226,44,0,1
587,120983,426940,7,0,1
587,3596828,5172908,13,4,1
588,120983,590962,44,0,1
589,120983,950313,7,0,1
590,15064,7079645,13,4,1
590,477320,9755674,44,0,1
591,15064,10496866,13,4,1
591,477320,4128381,7,0,1
592,477320,4758170,44,0,1
593,477320,3868943,7,0,0
594,477320,4328782,44,0,1
595,477320,8972522,7,0,1
596,477320,13839383,44,0,1
597,477320,16152856,7,0,1
598,477320,531920,44,0,1
599,477320,10067403,7,0,0
600,477320,136941,44,0,0
601,477320,22060129,7,0,0
602,477320,103828,44,0,1
603,477320,23355904,7,0,1
604,5405559,23677144,7,4,1
604,477320,23677226,44,0,0
605,477320,426940,7,0,1
606,477320,590962,44,0,1
606,15064,20328640,13,4,0
607,15064,2315719,13,4,0
607,477320,950313,7,0,1
608,17630908,9755674,44,0,1
609,15064,3596848,13,4,1
609,17630908,4128381,7,0,1
610,17630908,4758170,44,0,1
610,15064,13912756,13,4,1
611,17630908,3868943,7,0,1
612,17630908,4328782,44,0,0
613,17630908,8972522,7,0,1
614,17630908,13839383,44,0,1
615,17630908,16152856,7,0,1
616,17630908,531920,44,0,1
617,17630908,10067403,7,0,1
618,17630908,136941,44,0,1
619,17630908,22060129,7,0,1
620,17630908,103828,44,0,1
621,17630908,23355904,7,0,1
622,17630908,23677226,44,0,1
622,15064,22648484,13,4,0
623,17630908,426940,7,0,1
623,22486940,23677144,7,4,1
624,17630908,590962,44,0,1
625,11892804,23677144,7,4,0
625,17630908,950313,7,0,1
626,5682569,9755674,44,0,1
627,15064,11205237,13,4,0
627,5682569,4128381,7,0,1
628,5682569,4758170,44,0,0
629,5682569,3868943,7,0,1
630,5682569,4328782,44,0,1
630,15064,1721214,13,4,1
631,5682569,8972522,7,0,1
632,5682569,13839383,44,0,1
632,14132423,23677144,7,4,1
633,5682569,16152856,7,0,1
633,21273059,23677144,7,4,0
634,5682569,531920,44,0,1
635,5682569,10067403,7,0,1
635,22137813,23677144,7,4,1
636,5682569,136941,44,0,1
637,15064,2451218,13,4,0
637,5682569,22060129,7,0,1
638,5682569,103828,44,0,1
639,5682569,23355904,7,0,1
640,15064,7200130,13,4,1
640,5682569,23677226,44,0,0
641,5682569,426940,7,0,1
642,15064,19076717,13,4,1
642,6963063,23677144,7,4,1
642,5682569,590962,44,0,1
643,5682569,950313,7,0,1
644,22088424,9755674,44,0,0
645,22088424,4128381,7,0,1
646,22088424,4758170,44,0,1
647,22088424,3868943,7,0,1
648,22088424,4328782,44,0,1
648,15064,3596849,13,4,0
649,22088424,8972522,7,0,1
650,22088424,13839383,44,0,1
651,15064,3894025,13,4,1
651,22088424,16152856,7,0,1
652,22088424,531920,44,0,1
653,22088424,10067403,7,0,1
653,15064,5172908,13,4,1
654,22088424,136941,44,0,1
654,12561704,23677146,7,4,1
655,22088424,22060129,7,0,0
656,22088424,103828,44,0,1
657,22088424,23355904,7,0,1
658,8359775,23677146,7,4,1
658,22088424,23677226,44,0,0
659,22088424,426940,7,0,1
660,22088424,590962,44,0,1
661,22088424,950313,7,0,0
662,20660203,9755674,44,0,1
663,20660203,4128381,7,0,0
664,20660203,4758170,44,0,0
665,20660203,3868943,7,0,1
665,966813,7079645,13,4,0
666,7079645,22961758,13,4,0
666,20660203,4328782,44,0,0
667,20660203,8972522,7,0,1
667,7079645,13088706,13,4,0
668,20660203,13839383,44,0,1
669,20660203,16152856,7,0,1
670,20660203,531920,44,0,0
671,20660203,10067403,7,0,1
672,20660203,136941,44,0,1
673,20660203,22060129,7,0,1
674,20660203,103828,44,0,1
675,20660203,23355904,7,0,1
676,20660203,23677226,44,0,1
676,7079645,19654781,13,4,1
677,20660203,426940,7,0,1
678,20660203,590962,44,0,1
678,531920,590962,44,4,1
678,7079645,17510245,13,4,1
679,20660203,950313,7,0,1
680,14132422,9755674,44,0,0
681,14132422,4128381,7,0,1
682,14132422,4758170,44,0,1
682,7079645,16380022,13,4,0
683,531920,23355904,44,4,1
683,14132422,3868943,7,0,1
684,14132422,4328782,44,0,1
685,14132422,8972522,7,0,1
686,14132422,13839383,44,0,1
686,7079645,13160464,13,4,1
687,7079645,22648484,13,4,1
687,14132422,16152856,7,0,0
688,14132422,531920,44,0,1
689,14132422,10067403,7,0,1
689,7079645,7436917,13,4,0
690,531920,8972522,44,4,1
690,14132422,136941,44,0,1
691,14132422,22060129,7,0,1
691,10479536,23677146,7,4,1
692,14132422,103828,44,0,1
693,14132422,23355904,7,0,1
694,7079645,7839341,13,4,1
694,19972831,23677146,7,4,1
694,14132422,23677226,44,0,1
695,14132422,426940,7,0,1
695,8166293,23677146,7,4,1
696,7079645,17467511,13,4,1
696,14132422,590962,44,0,1
697,14132422,950313,7,0,0
698,23677138,9755674,44,0,1
699,23677138,4128381,7,0,1
700,23677138,4758170,44,0,1
701,23677138,3868943,7,0,1
702,23677138,4328782,44,0,1
703,23677138,8972522,7,0,0
703,531920,10067403,44,4,1
704,7079645,8533735,13,4,1
704,23677138,13839383,44,0,1
705,23677138,16152856,7,0,1
706,23677138,531920,44,0,1
707,23677138,10067403,7,0,1
708,23677138,136941,44,0,1
709,23677138,22060129,7,0,1
710,23677138,103828,44,0,1
710,4272289,23677146,7,4,1
710,531920,22060129,44,4,1
711,23677138,23355904,7,0,1
712,23677138,23677226,44,0,1
713,23677138,426940,7,0,1
714,23677138,590962,44,0,1
714,136941,531920,44,4,1
715,23677138,950313,7,0,1
715,7079645,13140215,13,4,1
716,7041871,9755674,44,0,0
717,7041871,4128381,7,0,1
718,7041871,4758170,44,0,1
719,3894025,7079645,13,4,1
719,7041871,3868943,7,0,1
720,7041871,4328782,44,0,1
720,103828,531920,44,4,0
720,9066291,23677146,7,4,1
721,7041871,8972522,7,0,1
722,531920,4758170,44,4,1
722,7079645,7848932,13,4,1
722,7041871,13839383,44,0,1
723,7041871,16152856,7,0,1
724,10496866,17621068,13,4,1
724,7041871,531920,44,0,1
725,7041871,10067403,7,0,1
726,7041871,136941,44,0,1
727,7041871,22060129,7,0,0
728,7041871,103828,44,0,1
729,7041871,23355904,7,0,1
729,7839340,10496866,13,4,1
730,7041871,23677226,44,0,0
731,7041871,426940,7,0,1
732,7041871,590962,44,0,1
732,966813,10496866,13,4,1
733,7041871,950313,7,0,1
734,3197876,9755674,44,0,1
735,3197876,4128381,7,0,1
736,3197876,4758170,44,0,1
737,3197876,3868943,7,0,0
738,3197876,4328782,44,0,1
739,3197876,8972522,7,0,1
740,3197876,13839383,44,0,1
741,3197876,16152856,7,0,1
742,3197876,531920,44,0,1
743,3197876,10067403,7,0,1
743,10496866,19654781,13,4,0
743,531920,3868943,44,4,1
744,3197876,136941,44,0,1
745,3197876,22060129,7,0,1
746,3197876,103828,44,0,1
746,9210368,10496866,13,4,1
747,3197876,23355904,7,0,1
748,3197876,23677226,44,0,0
748,531920,4128381,44,4,0
748,5936119,10496866,13,4,1
749,3197876,426940,7,0,1
749,10496866,16380022,13,4,1
750,3197876,590962,44,0,1
751,3197876,950313,7,0,1
752,22137813,9755674,44,0,1
753,22137813,4128381,7,0,1
754,22137813,4758170,44,0,1
755,22137813,3868943,7,0,1
756,22137813,4328782,44,0,1
756,1363,23677146,7,4,1
757,22137813,8972522,7,0,0
758,22137813,13839383,44,0,1
758,10496866,17621073,13,4,1
759,22137813,16152856,7,0,1
760,22137813,531920,44,0,1
760,531920,16152856,44,4,1
761,22137813,10067403,7,0,1
762,22137813,136941,44,0,1
762,531920,4328782,44,4,1
763,22137813,22060129,7,0,1
764,22137813,103828,44,0,1
764,9883524,10496866,13,4,1
765,22137813,23355904,7,0,1
766,22137813,23677226,44,0,1
766,531920,9755674,44,4,1
767,22137813,426940,7,0,0
768,22137813,590962,44,0,1
769,22137813,950313,7,0,1
770,16123665,9755674,44,0,1
771,16123665,4128381,7,0,0
772,531920,950313,44,4,1
772,16123665,4758170,44,0,1
773,16123665,3868943,7,0,0
773,7200130,10496866,13,4,1
774,16123665,4328782,44,0,0
775,16123665,8972522,7,0,1
776,16123665,13839383,44,0,1
777,16123665,16152856,7,0,0
778,16123665,531920,44,0,1
778,3596847,10496866,13,4,1
779,16123665,10067403,7,0,1
780,16123665,136941,44,0,1
781,16123665,22060129,7,0,1
781,3596849,10496866,13,4,0
782,16123665,103828,44,0,1
782,10496866,13140215,13,4,0
783,10496866,22181822,13,4,1
783,16123665,23355904,7,0,0
784,16123665,23677226,44,0,1
784,16375558,23677146,7,4,0
785,16123665,426940,7,0,1
786,16123665,590962,44,0,0
787,16123665,950313,7,0,1
788,21273052,9755674,44,0,1
789,21273052,4128381,7,0,1
789,7848932,10496866,13,4,1
790,21273052,4758170,44,0,0
791,21273052,3868943,7,0,1
792,21273052,4328782,44,0,0
793,21273052,8972522,7,0,1
794,21273052,13839383,44,0,1
794,20181656,23677146,7,4,1
795,21273052,16152856,7,0,0
796,21273052,531920,44,0,1
797,21273052,10067403,7,0,1
798,21273052,136941,44,0,0
799,531920,13839383,44,4,0
799,21273052,22060129,7,0,1
800,21273052,103828,44,0,0
801,21273052,23355904,7,0,1
802,21273052,23677226,44,0,0
803,21273052,426940,7,0,1
803,13912756,17621068,13,4,1
804,17621068,19654781,13,4,1
804,21273052,590962,44,0,1
805,21273052,950313,7,0,1
805,17510245,17621068,13,4,1
806,21273057,9755674,44,0,1
806,17621068,20740028,13,4,1
807,21273057,4128381,7,0,1
808,5226973,17621068,13,4,0
808,21273057,4758170,44,0,1
809,21273057,3868943,7,0,1
810,17621068,22648484,13,4,1
810,21273057,4328782,44,0,1
811,21273057,8972522,7,0,0
812,21273057,13839383,44,0,0
813,21273057,16152856,7,0,0
814,21273057,531920,44,0,1
815,21273057,10067403,7,0,1
816,21273057,136941,44,0,1
817,21273057,22060129,7,0,1
818,8586224,17621068,13,4,1
818,21273057,103828,44,0,1
819,21273057,23355904,7,0,0
820,21273057,23677226,44,0,1
821,21273057,426940,7,0,1
821,2451218,17621068,13,4,1
822,21273057,590962,44,0,1
823,521113,23677137,7,4,1
823,8533735,17621068,13,4,0
823,21273057,950313,7,0,1
824,13243880,9755674,44,0,1
825,13243880,4128381,7,0,1
826,17621068,19076717,13,4,0
826,13243880,4758170,44,0,0
827,6938966,17621068,13,4,1
827,13243880,3868943,7,0,1
828,13243880,4328782,44,0,1
829,13243880,8972522,7,0,0
830,17621068,19654780,13,4,0
830,13243880,13839383,44,0,1
831,13243880,16152856,7,0,0
832,13243880,531920,44,0,1
833,13243880,10067403,7,0,1
834,13243880,136941,44,0,0
834,17621068,22181822,13,4,1
835,13243880,22060129,7,0,0
836,13243880,103828,44,0,1
837,17985016,23677137,7,4,1
837,13243880,23355904,7,0,1
838,13243880,23677226,44,0,1
839,5172908,17621068,13,4,1
839,13243880,426940,7,0,1
840,13243880,590962,44,0,1
841,13243880,950313,7,0,1
842,878123,9755674,44,0,1
843,878123,4128381,7,0,1
843,529986,23677137,7,4,1
844,878123,4758170,44,0,0
845,878123,3868943,7,0,1
846,966813,14009710,13,4,1
846,878123,4328782,44,0,0
847,878123,8972522,7,0,1
848,878123,13839383,44,0,0
849,878123,16152856,7,0,1
850,878123,531920,44,0,0
851,14009710,20328640,13,4,1
851,878123,10067403,7,0,1
852,878123,136941,44,0,1
853,878123,22060129,7,0,0
854,878123,103828,44,0,1
855,878123,23355904,7,0,0
855,14009710,17510245,13,4,1
856,878123,23677226,44,0,0
857,878123,426940,7,0,0
858,878123,590962,44,0,1
859,23089693,23677137,7,4,1
859,878123,950313,7,0,1
860,19260977,9755674,44,0,1
861,19260977,4128381,7,0,1
862,19260977,4758170,44,0,1
863,19260977,3868943,7,0,0
864,19260977,4328782,44,0,1
865,12122419,23677137,7,4,1
865,19260977,8972522,7,0,1
866,19260977,13839383,44,0,0
866,17630907,23677137,7,4,1
867,19260977,16152856,7,0,1
868,19260977,531920,44,0,1
869,19260977,10067403,7,0,1
870,13088707,14009710,13,4,1
870,19260977,136941,44,0,1
871,19260977,22060129,7,0,1
872,19260977,103828,44,0,1
873,19260977,23355904,7,0,1
874,19260977,23677226,44,0,1
875,19260977,426940,7,0,1
875,14009710,19076717,13,4,1
876,19260977,590962,44,0,0
877,19260977,950313,7,0,1
878,9066291,9755674,44,0,1
878,3596847,14009710,13,4,1
879,9066291,4128381,7,0,1
880,9066291,4758170,44,0,1
881,9066291,3868943,7,0,0
882,9066291,4328782,44,0,1
883,9066291,8972522,7,0,1
884,3894025,14009710,13,4,0
884,9066291,13839383,44,0,1
885,9066291,16152856,7,0,1
886,9066291,531920,44,0,1
887,9066291,10067403,7,0,1
888,9066291,136941,44,0,1
889,9066291,22060129,7,0,1
890,9066291,103828,44,0,1
891,9066291,23355904,7,0,1
892,9066291,23677226,44,0,1
893,9066291,426940,7,0,0
894,9066291,590962,44,0,1
895,9066291,950313,7,0,0
896,11371499,9755674,44,0,1
897,11371499,4128381,7,0,0
898,11371499,4758170,44,0,1
899,11371499,3868943,7,0,1
900,11371499,4328782,44,0,0
901,11371499,8972522,7,0,1
902,11371499,13839383,44,0,1
903,11371499,16152856,7,0,0
904,11371499,531920,44,0,1
905,11371499,10067403,7,0,0
906,11371499,136941,44,0,0
907,11371499,22060129,7,0,1
908,11371499,103828,44,0,1
909,11371499,23355904,7,0,1
910,11371499,23677226,44,0,1
911,11371499,426940,7,0,1
912,11371499,590962,44,0,1
913,11371499,950313,7,0,1
914,17630910,9755674,44,0,1
915,17630910,4128381,7,0,1
916,17630910,4758170,44,0,1
917,17630910,3868943,7,0,1
918,17630910,4328782,44,0,1
919,17630910,8972522,7,0,1
920,17630910,13839383,44,0,0
921,17630910,16152856,7,0,1
921,17630905,23677136,7,4,1
922,17630910,531920,44,0,1
923,17630910,10067403,7,0,1
924,17630910,136941,44,0,1
925,17630910,22060129,7,0,1
926,17630910,103828,44,0,1
926,590962,23355904,44,4,1
927,17630910,23355904,7,0,1
928,17630910,23677226,44,0,1
929,17630910,426940,7,0,1
930,17630910,590962,44,0,1
931,17630910,950313,7,0,1
932,9075137,9755674,44,0,1
933,9075137,4128381,7,0,1
933,590962,8972522,44,4,1
934,9075137,4758170,44,0,0
935,9075137,3868943,7,0,1
936,9075137,4328782,44,0,1
937,9075137,8972522,7,0,1
938,9075137,13839383,44,0,1
939,9075137,16152856,7,0,0
940,9075137,531920,44,0,1
940,17583193,23677136,7,4,1
941,9075137,10067403,7,0,0
942,9075137,136941,44,0,1
943,9075137,22060129,7,0,1
944,9075137,103828,44,0,1
945,9075137,23355904,7,0,1
946,590962,10067403,44,4,1
946,9075137,23677226,44,0,1
947,9075137,426940,7,0,1
948,9075137,590962,44,0,1
949,9075137,950313,7,0,1
950,15195064,9755674,44,0,0
951,7357528,7839340,13,4,1
951,15195064,4128381,7,0,1
952,15195064,4758170,44,0,1
953,15195064,3868943,7,0,1
953,590962,22060129,44,4,0
954,15195064,4328782,44,0,1
955,15195064,8972522,7,0,0
956,15195064,13839383,44,0,1
957,15195064,16152856,7,0,1
958,15195064,531920,44,0,1
959,15195064,10067403,7,0,1
960,15195064,136941,44,0,0
961,15195064,22060129,7,0,1
962,103828,590962,44,4,1
962,7357528,20328638,13,4,1
962,15195064,103828,44,0,1
963,15195064,23355904,7,0,0
964,15195064,23677226,44,0,0
964,590962,4758170,44,4,1
965,15195064,426940,7,0,0
966,15195064,590962,44,0,0
967,15195064,950313,7,0,0
967,7357528,17510245,13,4,1
968,23677139,9755674,44,0,1
969,23677139,4128381,7,0,1
969,7357528,20740028,13,4,1
970,23677139,4758170,44,0,1
971,23677139,3868943,7,0,1
972,23677139,4328782,44,0,1
972,3198237,23677136,7,4,1
973,23677139,8972522,7,0,1
974,7041871,23677136,7,4,1
974,23677139,13839383,44,0,1
975,23677139,16152856,7,0,1
976,23677139,531920,44,0,1
977,23677139,10067403,7,0,0
978,23677139,136941,44,0,1
978,81754,23677136,7,4,0
979,23677139,22060129,7,0,1
980,23677139,103828,44,0,1
981,23677139,23355904,7,0,1
982,23677139,23677226,44,0,1
983,23677139,426940,7,0,1
984,23677139,590962,44,0,1
985,590962,3868943,44,4,1
985,23677139,950313,7,0,1
985,7357528,8586224,13,4,1
986,21100204,9755674,44,0,1
987,21100204,4128381,7,0,1
988,21100204,4758170,44,0,1
989,21100204,3868943,7,0,0
990,590962,4128381,44,4,1
990,21100204,4328782,44,0,0
990,7357528,8533735,13,4,0
991,21100204,8972522,7,0,1
992,21100204,13839383,44,0,1
993,4490317,7357528,13,4,0
993,21100204,16152856,7,0,1
994,21100204,531920,44,0,1
995,17630907,23677136,7,4,1
995,21100204,10067403,7,0,1
996,21100204,136941,44,0,1
997,21100204,22060129,7,0,1
998,21100204,103828,44,0,1
999,21100204,23355904,7,0,1
1000,7839341,9755674,44,0,0
1001,7357528,13140215,13,4,1
1001,7839341,4128381,13,0,1
1002,7839341,4758170,44,0,1
1002,590962,16152856,44,4,1
1002,7357528,22181822,13,4,1
1003,7839341,3868943,13,0,1
1004,7839341,4328782,44,0,1
1004,590962,4328782,44,4,1
1005,7839341,8972522,13,0,1
1006,7839341,13839383,44,0,1
1007,7839341,16152856,13,0,1
1008,7839341,531920,44,0,1
1009,7357528,7670209,13,4,0
1009,7839341,10067403,13,0,1
1010,7839341,136941,44,0,1
1011,7839341,22060129,13,0,1
1012,7839341,103828,44,0,0
1013,7839341,23355904,13,0,1
1014,7839341,23677226,44,0,1
1015,7839341,426940,13,0,1
1016,7839341,590962,44,0,1
1017,7839341,950313,13,0,1
1017,120983,23677136,7,4,1
1018,22961758,9755674,44,0,0
1019,22961758,4128381,13,0,1
1020,22961758,4758170,44,0,1
1021,22961758,3868943,13,0,1
1022,22961758,4328782,44,0,0
1023,22961758,8972522,13,0,1
1024,22961758,13839383,44,0,1
1025,22961758,16152856,13,0,1
1026,22961758,531920,44,0,1
1027,22961758,10067403,13,0,0
1028,22961758,136941,44,0,0
1029,22961758,22060129,13,0,1
1030,22961758,103828,44,0,0
1031,22961758,23355904,13,0,1
1032,22961758,23677226,44,0,1
1033,22961758,426940,13,0,0
1034,22961758,590962,44,0,1
1035,22961758,950313,13,0,1
1036,6138230,9755674,44,0,1
1037,6138230,4128381,13,0,0
1038,6138230,4758170,44,0,1
1039,6138230,3868943,13,0,0
1039,590962,13839383,44,4,1
1040,6138230,4328782,44,0,1
1041,6138230,8972522,13,0,1
1042,6138230,13839383,44,0,1
1043,6138230,16152856,13,0,0
1044,6138230,531920,44,0,1
1045,6138230,10067403,13,0,0
1046,6138230,136941,44,0,0
1047,6138230,22060129,13,0,1
1048,6138230,103828,44,0,0
1048,6963063,23677136,7,4,0
1049,6138230,23355904,13,0,1
1050,6138230,23677226,44,0,1
1051,6138230,426940,13,0,0
1052,6138230,590962,44,0,0
1053,6138230,950313,13,0,0
1054,23677157,9755674,44,0,1
1055,23677157,4128381,13,0,1
1056,23677157,4758170,44,0,1
1057,23677157,3868943,13,0,1
1058,23677157,4328782,44,0,1
1059,23677157,8972522,13,0,0
1059,15069644,23677139,7,4,1
1060,23677157,13839383,44,0,1
1061,23677157,16152856,13,0,1
1062,23677157,531920,44,0,1
1063,23677157,10067403,13,0,1
1064,23677157,136941,44,0,1
1065,23677157,22060129,13,0,0
1066,23677157,103828,44,0,1
1067,23677157,23355904,13,0,1
1068,23677157,23677226,44,0,1
1069,23677157,426940,13,0,1
1070,23677157,590962,44,0,0
1071,23677157,950313,13,0,1
1072,22648484,9755674,44,0,1
1073,22648484,4128381,13,0,1
1074,22648484,4758170,44,0,1
1074,7839340,13088706,13,4,1
1075,22648484,3868943,13,0,1
1076,22648484,4328782,44,0,1
1077,22648484,8972522,13,0,1
1078,22648484,13839383,44,0,1
1079,22648484,16152856,13,0,1
1080,22648484,531920,44,0,0
1081,22648484,10067403,13,0,1
1081,5226973,7839340,13,4,1
1081,521113,23677139,7,4,1
1082,7839340,22648484,13,4,1
1082,22648484,136941,44,0,1
1083,22648484,22060129,13,0,0
1083,12483251,23677139,7,4,0
1084,22648484,103828,44,0,1
1085,22648484,23355904,13,0,1
1086,22648484,23677226,44,0,1
1087,22648484,426940,13,0,1
1088,7839340,9883524,13,4,1
1088,22648484,590962,44,0,1
1089,22648484,950313,13,0,0
1090,13088706,9755674,44,0,0
1091,13088706,4128381,13,0,0
1092,13088706,4758170,44,0,1
1093,13088706,3868943,13,0,1
1094,7839340,19076717,13,4,1
1094,13088706,4328782,44,0,1
1095,6938966,7839340,13,4,1
1095,13088706,8972522,13,0,1
1096,13088706,13839383,44,0,1
1097,7839340,10868405,13,4,0
1097,13088706,16152856,13,0,1
1098,13088706,531920,44,0,1
1099,13088706,10067403,13,0,1
1100,13088706,136941,44,0,1
1101,13088706,22060129,13,0,1
1102,13088706,103828,44,0,1
1103,13088706,23355904,13,0,1
1104,13088706,23677226,44,0,0
1105,13088706,426940,13,0,1
1106,13088706,590962,44,0,1
1107,13088706,950313,13,0,1
1108,19654782,9755674,44,0,1
1108,8972522,23355904,44,4,1
1109,19654782,4128381,13,0,0
1110,19654782,4758170,44,0,1
1111,19654782,3868943,13,0,0
1112,19654782,4328782,44,0,1
1113,19654782,8972522,13,0,1
1114,19654782,13839383,44,0,1
1115,19654782,16152856,13,0,1
1116,19654782,531920,44,0,1
1117,19654782,10067403,13,0,1
1118,19654782,136941,44,0,1
1119,19654782,22060129,13,0,1
1120,19654782,103828,44,0,1
1121,10067403,23355904,44,4,1
1121,19654782,23355904,13,0,1
1122,19654782,23677226,44,0,1
1123,19654782,426940,13,0,1
1124,19654782,590962,44,0,1
1125,19654782,950313,13,0,0
1126,966813,9755674,44,0,0
1127,966813,4128381,13,0,1
1128,966813,4758170,44,0,0
1129,966813,3868943,13,0,1
1130,966813,4328782,44,0,1
1131,966813,8972522,13,0,0
1131,136941,23355904,44,4,1
1132,966813,13839383,44,0,0
1133,966813,16152856,13,0,1
1133,13696846,23677139,7,4,1
1134,966813,531920,44,0,1
1135,966813,10067403,13,0,1
1136,966813,136941,44,0,1
1137,966813,22060129,13,0,0
1138,966813,103828,44,0,1
1139,966813,23355904,13,0,1
1140,966813,23677226,44,0,1
1141,966813,426940,13,0,1
1142,966813,590962,44,0,1
1143,966813,950313,13,0,0
1144,17467511,9755674,44,0,1
1145,17467511,4128381,13,0,1
1146,17467511,4758170,44,0,1
1147,17467511,3868943,13,0,1
1148,17467511,4328782,44,0,1
1149,17467511,8972522,13,0,1
1150,17467511,13839383,44,0,1
1151,17467511,16152856,13,0,1
1151,21273051,23677139,7,4,1
1152,17467511,531920,44,0,1
1153,17467511,10067403,13,0,1
1154,17467511,136941,44,0,1
1155,17467511,22060129,13,0,1
1156,17467511,103828,44,0,1
1157,17467511,23355904,13,0,1
1158,17467511,23677226,44,0,1
1159,17467511,426940,13,0,1
1159,22137813,23677139,7,4,1
1160,17467511,590962,44,0,1
1161,17467511,950313,13,0,1
1162,2451218,9755674,44,0,1
1163,103828,23355904,44,4,1
1163,2451218,4128381,13,0,0
1164,2451218,4758170,44,0,0
1165,4758170,23355904,44,4,1
1165,2451218,3868943,13,0,1
1166,2451218,4328782,44,0,1
1167,2451218,8972522,13,0,1
1168,2423912,10258420,13,4,1
1168,2451218,13839383,44,0,1
1169,2451218,16152856,13,0,1
1170,22088424,23677138,7,4,1
1170,2451218,531920,44,0,1
1171,2423912,3596848,13,4,1
1171,2451218,10067403,13,0,1
1172,2423912,13912756,13,4,1
1172,2451218,136941,44,0,1
1173,2451218,22060129,13,0,1
1174,2451218,103828,44,0,1
1175,2451218,23355904,13,0,1
1176,2451218,23677226,44,0,1
1176,2423912,16380022,13,4,0
1177,2451218,426940,13,0,0
1178,2451218,590962,44,0,1
1179,2451218,950313,13,0,0
1180,17621070,9755674,44,0,1
1180,15287811,23677138,7,4,1
1181,17621070,4128381,13,0,0
1182,2423912,11205237,13,4,1
1182,17621070,4758170,44,0,1
1183,17621070,3868943,13,0,1
1183,13295656,23677138,7,4,1
1184,2423912,7839341,13,4,1
1184,17621070,4328782,44,0,1
1185,1721214,2423912,13,4,1
1185,17621070,8972522,13,0,1
1186,3868943,23355904,44,4,1
1186,17621070,13839383,44,0,1
1187,17621070,16152856,13,0,1
1188,17621070,531920,44,0,1
1189,17621070,10067403,13,0,1
1190,2423912,8533735,13,4,1
1190,17621070,136941,44,0,1
1191,4128381,23355904,44,4,1
1191,17621070,22060129,13,0,1
1192,17621070,103828,44,0,1
1193,17621070,23355904,13,0,1
1194,17621070,23677226,44,0,1
1195,17621070,426940,13,0,0
1196,2423912,20328639,13,4,1
1196,17621070,590962,44,0,1
1197,2423912,3596847,13,4,0
1197,17621070,950313,13,0,0
1198,19654781,9755674,44,0,1
1199,19654781,4128381,13,0,1
1199,2423912,3596849,13,4,1
1200,19654781,4758170,44,0,1
1201,19654781,3868943,13,0,1
1202,19654781,4328782,44,0,1
1202,1313371,2423912,13,4,1
1203,16152856,23355904,44,4,1
1203,19654781,8972522,13,0,1
1204,19654781,13839383,44,0,1
1205,19654781,16152856,13,0,1
1205,2423912,7848932,13,4,1
1205,4328782,23355904,44,4,1
1206,2423912,7670209,13,4,1
1206,19654781,531920,44,0,1
1207,19654781,10067403,13,0,1
1208,19654781,136941,44,0,0
1209,19654781,22060129,13,0,1
1209,9755674,23355904,44,4,1
1210,19654781,103828,44,0,1
1211,19654781,23355904,13,0,1
1211,966813,6138230,13,4,1
1212,966813,20328640,13,4,0
1212,19654781,23677226,44,0,1
1213,19654781,426940,13,0,0
1213,966813,2315719,13,4,1
1214,19654781,590962,44,0,0
1215,966813,3596848,13,4,1
1215,950313,23355904,44,4,0
1215,19654781,950313,13,0,0
1216,9210368,9755674,44,0,1
1216,966813,13912756,13,4,1
1217,9210368,4128381,13,0,1
1218,9210368,4758170,44,0,1
1219,9210368,3868943,13,0,1
1220,9210368,4328782,44,0,1
1221,9210368,8972522,13,0,0
1221,966813,20740028,13,4,1
1222,9210368,13839383,44,0,1
1223,9210368,16152856,13,0,1
1223,966813,16380022,13,4,1
1224,9210368,531920,44,0,1
1225,9210368,10067403,13,0,0
1226,9210368,136941,44,0,1
1226,966813,17621071,13,4,1
1227,9210368,22060129,13,0,1
1228,9210368,103828,44,0,1
1229,9210368,23355904,13,0,1
1230,9210368,23677226,44,0,1
1231,9210368,426940,13,0,1
1232,9210368,590962,44,0,1
1232,7041871,23677138,7,4,1
1233,9210368,950313,13,0,1
1234,10868405,9755674,44,0,0
1235,10868405,4128381,13,0,1
1236,10868405,4758170,44,0,1
1237,10868405,3868943,13,0,1
1238,966813,9883524,13,4,1
1238,10868405,4328782,44,0,1
1239,10868405,8972522,13,0,1
1240,10868405,13839383,44,0,1
1241,10868405,16152856,13,0,1
1242,13839383,23355904,44,4,1
1242,10868405,531920,44,0,0
1243,966813,2451218,13,4,1
1243,10868405,10067403,13,0,0
1244,10868405,136941,44,0,1
1245,10868405,22060129,13,0,1
1246,10868405,103828,44,0,1
1247,10868405,23355904,13,0,1
1248,10868405,23677226,44,0,1
1249,10868405,426940,13,0,1
1250,10868405,590962,44,0,1
1251,10868405,950313,13,0,0
1252,20740028,9755674,44,0,0
1253,20740028,4128381,13,0,1
1253,966813,19654780,13,4,1
1254,20740028,4758170,44,0,1
1255,20740028,3868943,13,0,1
1256,20740028,4328782,44,0,1
1257,966813,22181822,13,4,1
1257,20740028,8972522,13,0,0
1258,20740028,13839383,44,0,1
1259,20740028,16152856,13,0,1
1260,966813,3894025,13,4,1
1260,20740028,531920,44,0,0
1261,20740028,10067403,13,0,0
1262,20740028,136941,44,0,1
1262,966813,5172908,13,4,1
1263,20740028,22060129,13,0,1
1263,16123665,23677138,7,4,1
1264,20740028,103828,44,0,1
1265,20740028,23355904,13,0,1
1266,20740028,23677226,44,0,1
1267,10606028,23677138,7,4,1
1267,20740028,426940,13,0,1
1268,6138230,22961758,13,4,1
1268,20740028,590962,44,0,1
1269,20740028,950313,13,0,1
1270,17621068,9755674,44,0,1
1271,17621068,4128381,13,0,1
1272,17621068,4758170,44,0,1
1273,17621068,3868943,13,0,1
1274,17621068,4328782,44,0,1
1275,17621068,8972522,13,0,1
1276,17510245,22961758,13,4,1
1276,17621068,13839383,44,0,1
1277,17621068,16152856,13,0,0
1278,17621068,531920,44,0,1
1278,20740028,22961758,13,4,1
1279,17621068,10067403,13,0,1
1280,16380022,22961758,13,4,1
1280,17621068,136941,44,0,1
1281,17621068,22060129,13,0,0
1282,17621068,103828,44,0,1
1282,17621069,22961758,13,4,1
1283,17621071,22961758,13,4,1
1283,17621068,23355904,13,0,1
1284,17621068,23677226,44,0,1
1284,13160464,22961758,13,4,1
1285,17621068,426940,13,0,1
1286,17621068,590962,44,0,1
1287,7436917,22961758,13,4,0
1287,17621068,950313,13,0,1
1288,7436917,9755674,44,0,1
1289,7436917,4128381,13,0,1
1290,7436917,4758170,44,0,1
1291,7436917,3868943,13,0,1
1292,7436917,4328782,44,0,1
1292,7839341,22961758,13,4,1
1293,7436917,8972522,13,0,1
1294,7436917,13839383,44,0,1
1295,7436917,16152856,13,0,0
1295,9883524,22961758,13,4,0
1295,14132423,23677138,7,4,1
1296,7436917,531920,44,0,1
1297,7436917,10067403,13,0,1
1297,2086684,23677138,7,4,1
1298,7436917,136941,44,0,1
1299,7436917,22060129,13,0,1
1300,7436917,103828,44,0,1
1300,2451218,22961758,13,4,1
1301,7436917,23355904,13,0,1
1302,7436917,23677226,44,0,0
1303,7436917,426940,13,0,1
1304,7436917,590962,44,0,1
1305,7436917,950313,13,0,1
1306,2315719,9755674,44,0,0
1307,2315719,4128381,13,0,1
1308,2315719,4758170,44,0,0
1309,3596847,22961758,13,4,1
1309,2315719,3868943,13,0,1
1310,2315719,4328782,44,0,1
1311,2315719,8972522,13,0,1
1312,2315719,13839383,44,0,1
1313,2315719,16152856,13,0,1
1314,2315719,531920,44,0,1
1315,2315719,10067403,13,0,1
1316,2315719,136941,44,0,0
1317,2315719,22060129,13,0,1
1317,3894025,22961758,13,4,1
1318,2315719,103828,44,0,1
1319,2315719,23355904,13,0,1
1319,5172908,22961758,13,4,1
1320,2315719,23677226,44,0,1
1321,7670209,22961758,13,4,0
1321,2315719,426940,13,0,1
1322,2315719,590962,44,0,1
1323,2315719,950313,13,0,1
1324,22181822,9755674,44,0,1
1325,22181822,4128381,13,0,1
1326,22181822,4758170,44,0,1
1326,2315719,13088706,13,4,1
1327,13088706,20328638,13,4,1
1327,22181822,3868943,13,0,1
1328,22181822,4328782,44,0,1
1329,22181822,8972522,13,0,1
1330,22181822,13839383,44,0,0
1331,22181822,16152856,13,0,1
1332,22181822,531920,44,0,1
1333,22181822,10067403,13,0,1
1333,8972522,10067403,44,4,1
1334,22181822,136941,44,0,1
1334,5936119,13088706,13,4,1
1335,22181822,22060129,13,0,1
1336,22181822,103828,44,0,1
1337,22181822,23355904,13,0,1
1338,22181822,23677226,44,0,0
1339,22181822,426940,13,0,1
1340,22181822,590962,44,0,1
1341,22181822,950313,13,0,1
1342,19119522,9755674,44,0,1
1343,19119522,4128381,13,0,1
1344,19119522,4758170,44,0,1
1345,10479536,23677141,7,4,1
1345,19119522,3868943,13,0,1
1346,19119522,4328782,44,0,1
1346,9883524,13088706,13,4,1
1347,19119522,8972522,13,0,1
1348,19119522,13839383,44,0,1
1349,8972522,22060129,44,4,1
1349,19119522,16152856,13,0,1
1349,6016307,23677141,7,4,1
1350,19119522,531920,44,0,1
1350,2451218,13088706,13,4,1
1351,19119522,10067403,13,0,1
1352,19119522,136941,44,0,0
1353,136941,8972522,44,4,1
1353,19119522,22060129,13,0,1
1354,19119522,103828,44,0,1
1354,4490317,13088706,13,4,1
1355,19119522,23355904,13,0,1
1356,19119522,23677226,44,0,0
1357,19119522,426940,13,0,1
1357,13088706,20328639,13,4,0
1358,19119522,590962,44,0,0
1358,3596847,13088706,13,4,1
1359,19119522,950313,13,0,0
1359,103828,8972522,44,4,1
1360,13088707,9755674,44,0,0
1361,13088707,4128381,13,0,1
1361,4758170,8972522,44,4,1
1362,13088707,4758170,44,0,1
1363,13088707,3868943,13,0,1
1363,13088706,22181822,13,4,1
1364,13088707,4328782,44,0,1
1365,13088707,8972522,13,0,1
1366,13088707,13839383,44,0,0
1367,13088707,16152856,13,0,1
1368,13088707,531920,44,0,0
1369,13088707,10067403,13,0,1
1370,13088707,136941,44,0,0
1371,13088707,22060129,13,0,1
1372,13088707,103828,44,0,1
1373,13088707,23355904,13,0,1
1374,13088707,23677226,44,0,1
1375,13088707,426940,13,0,0
1376,13088707,590962,44,0,0
1377,13088707,950313,13,0,1
1378,10258420,9755674,44,0,0
1379,10258420,4128381,13,0,1
1380,10258420,4758170,44,0,1
1381,10258420,3868943,13,0,1
1382,10258420,4328782,44,0,1
1382,3868943,8972522,44,4,1
1383,10258420,8972522,13,0,1
1383,4860089,23677141,7,4,1
1384,10258420,13839383,44,0,0
1385,10258420,16152856,13,0,1
1386,10258420,531920,44,0,1
1387,10258420,10067403,13,0,1
1387,4128381,8972522,44,4,1
1388,10258420,136941,44,0,1
1389,10258420,22060129,13,0,0
1390,10258420,103828,44,0,0
1391,10258420,23355904,13,0,1
1392,10258420,23677226,44,0,1
1393,10258420,426940,13,0,1
1394,10258420,590962,44,0,1
1395,10258420,950313,13,0,1
1396,5936119,9755674,44,0,1
1397,5936119,4128381,13,0,1
1398,5936119,4758170,44,0,1
1399,8972522,16152856,44,4,0
1399,5936119,3868943,13,0,1
1400,5936119,4328782,44,0,0
1401,4328782,8972522,44,4,1
1401,5936119,8972522,13,0,1
1402,5936119,13839383,44,0,1
1403,5936119,16152856,13,0,1
1404,5936119,531920,44,0,1
1405,8972522,9755674,44,4,1
1405,5936119,10067403,13,0,1
1406,5936119,136941,44,0,1
1407,5936119,22060129,13,0,1
1408,5936119,103828,44,0,0
1409,5936119,23355904,13,0,1
1410,5936119,23677226,44,0,0
1411,950313,8972522,44,4,1
1411,5936119,426940,13,0,0
1412,5936119,590962,44,0,1
1413,5936119,950313,13,0,1
1414,20328639,9755674,44,0,1
1415,20328639,4128381,13,0,0
1416,20328639,4758170,44,0,0
1417,20328639,3868943,13,0,1
1418,20328639,4328782,44,0,1
1419,20328639,8972522,13,0,1
1420,20328639,13839383,44,0,0
1421,20328639,16152856,13,0,1
1422,20328639,531920,44,0,1
1423,20328639,10067403,13,0,1
1424,20328639,136941,44,0,1
1425,6138230,10258420,13,4,1
1425,20328639,22060129,13,0,0
1426,20328639,103828,44,0,1
1427,2315719,10258420,13,4,1
1427,20328639,23355904,13,0,1
1428,20328639,23677226,44,0,0
1429,20328639,426940,13,0,1
1429,3596848,10258420,13,4,0
1430,20328639,590962,44,0,1
1431,20328639,950313,13,0,1
1432,20328638,9755674,44,0,1
1433,20328638,4128381,13,0,1
1434,8359775,23677140,7,4,1
1434,20328638,4758170,44,0,0
1435,20328638,3868943,13,0,1
1436,20328638,4328782,44,0,1
1436,5936119,10258420,13,4,1
1437,20328638,8972522,13,0,1
1438,20328638,13839383,44,0,1
1438,8972522,13839383,44,4,1
1439,20328638,16152856,13,0,1
1439,10258420,17621069,13,4,1
1440,20328638,531920,44,0,1
1440,13295656,23677140,7,4,0
1441,20328638,10067403,13,0,1
1442,20328638,136941,44,0,1
1443,20328638,22060129,13,0,1
1444,20328638,103828,44,0,1
1445,20328638,23355904,13,0,1
1446,20328638,23677226,44,0,1
1447,20328638,426940,13,0,1
1447,10258420,11205237,13,4,0
1448,20328638,590962,44,0,1
1449,20328638,950313,13,0,1
1450,17510245,9755674,44,0,1
1451,17510245,4128381,13,0,1
1451,10258420,17467511,13,4,1
1452,9883524,10258420,13,4,1
1452,17510245,4758170,44,0,0
1453,17510245,3868943,13,0,0
1454,17510245,4328782,44,0,1
1455,17510245,8972522,13,0,1
1456,10258420,13088707,13,4,1
1456,17510245,13839383,44,0,1
1457,17510245,16152856,13,0,1
1458,17510245,531920,44,0,1
1459,17510245,10067403,13,0,1
1460,17510245,136941,44,0,0
1461,17510245,22060129,13,0,0
1462,17510245,103828,44,0,1
1463,10258420,19076717,13,4,1
1463,17510245,23355904,13,0,1
1464,17510245,23677226,44,0,1
1465,17510245,426940,13,0,0
1466,17510245,590962,44,0,1
1466,3596847,10258420,13,4,1
1467,17510245,950313,13,0,1
1468,1313371,9755674,44,0,1
1469,1313371,4128381,13,0,1
1470,1313371,4758170,44,0,1
1471,8166293,23677140,7,4,1
1471,1313371,3868943,13,0,1
1472,1313371,4328782,44,0,0
1473,1313371,8972522,13,0,1
1474,1313371,13839383,44,0,0
1475,1313371,16152856,13,0,1
1476,1313371,531920,44,0,1
1477,1313371,10067403,13,0,1
1478,1313371,136941,44,0,1
1479,1313371,22060129,13,0,1
1480,1313371,103828,44,0,0
1481,1313371,23355904,13,0,1
1482,6138230,17510245,13,4,1
1482,1313371,23677226,44,0,1
1483,1313371,426940,13,0,1
1484,1313371,590962,44,0,1
1485,1313371,950313,13,0,0
1486,11205237,9755674,44,0,1
1486,6138230,17621069,13,4,1
1487,11205237,4128381,13,0,1
1488,11205237,4758170,44,0,1
1489,11205237,3868943,13,0,1
1490,11205237,4328782,44,0,1
1491,11205237,8972522,13,0,1
1492,11205237,13839383,44,0,0
1493,11205237,16152856,13,0,0
1494,11205237,531920,44,0,1
1495,11205237,10067403,13,0,1
1496,11205237,136941,44,0,1
1497,11205237,22060129,13,0,1
1498,11205237,103828,44,0,1
1499,11205237,23355904,13,0,1
1499,6138230,8533735,13,4,1
1503,6138230,6938966,13,4,1
1505,3596847,6138230,13,4,0
1509,6138230,22181822,13,4,1
1510,1313371,6138230,13,4,1
1512,5172908,6138230,13,4,1
1513,6138230,7848932,13,4,1
1519,17510245,20328640,13,4,1
1524,17621071,20328640,13,4,1
1525,5405559,23677140,7,4,1
1526,20328640,22648484,13,4,1
1526,18378776,23677140,7,4,0
1530,11205237,20328640,13,4,1
1532,120983,23677140,7,4,1
1536,21273060,23677140,7,4,1
1541,8533735,20328640,13,4,1
1547,19654780,20328640,13,4,1
1548,10868405,20328640,13,4,1
1550,13140215,20328640,13,4,1
1551,20328640,22181822,13,4,0
1553,14132423,23677140,7,4,1
1556,5172908,20328640,13,4,1
1558,7670209,20328640,13,4,1
1560,2315719,13912756,13,4,1
1564,2315719,17621071,13,4,1
1568,12646326,23677140,7,4,1
1578,6920765,23677143,7,4,0
1580,2315719,10868405,13,4,1
1592,19654783,20328638,13,4,1
1593,17510245,20328638,13,4,1
1594,9210368,20328638,13,4,1
1598,17621071,20328638,13,4,1
1601,10067403,22060129,44,4,1
1622,13140215,20328638,13,4,1
1624,19654782,20328638,13,4,0
1627,5172908,20328638,13,4,0
1628,7848932,20328638,13,4,0
1629,7670209,20328638,13,4,1
1631,3596848,19654781,13,4,1
1632,136941,10067403,44,4,1
1635,12065181,23677143,7,4,1
1638,12122419,23677143,7,4,1
1638,103828,10067403,44,4,1
1639,3596848,17621069,13,4,1
1640,4758170,10067403,44,4,1
1640,3596848,17621071,13,4,0
1646,3596848,17621073,13,4,0
1647,6972162,23677143,7,4,1
1650,1721214,3596848,13,4,1
1652,3596848,9883524,13,4,1
1661,3868943,10067403,44,4,1
1662,3596848,4490317,13,4,1
1666,4128381,10067403,44,4,1
1674,3596848,3894025,13,4,1
1674,22137813,23677143,7,4,1
1676,3596848,5172908,13,4,1
1677,3596848,7848932,13,4,1
1678,3596848,7670209,13,4,1
1678,10067403,16152856,44,4,0
1680,4328782,10067403,44,4,1
1680,13912756,19654783,13,4,1
1681,13912756,17510245,13,4,0
1683,13912756,20740028,13,4,1
1684,5936119,13912756,13,4,1
1684,9755674,10067403,44,4,1
1685,13912756,16380022,13,4,1
1688,13912756,17621071,13,4,0
1689,13160464,13912756,13,4,1
1690,950313,10067403,44,4,1
1698,1721214,13912756,13,4,1
1705,2451218,13912756,13,4,1
1711,13912756,19076717,13,4,0
1717,10067403,13839383,44,4,1
1719,13912756,22181822,13,4,1
1722,3894025,13912756,13,4,1
1726,7670209,13912756,13,4,1
1727,17510245,19654781,13,4,0
1731,17621069,19654781,13,4,1
1734,19654781,22648484,13,4,1
1737,17621073,19654781,13,4,1
1737,17630910,23677142,7,4,1
1738,21273057,23677142,7,4,1
1740,1721214,19654781,13,4,1
1751,19654781,20328639,13,4,1
1752,3596847,19654781,13,4,1
1753,10868405,19654781,13,4,0
1756,19654781,22181822,13,4,0
1759,5172908,19654781,13,4,1
1760,23089693,23677142,7,4,1
1761,7670209,19654781,13,4,1
1768,13160464,19654783,13,4,1
1768,17630907,23677142,7,4,1
1769,19654783,22648484,13,4,1
1775,1721214,19654783,13,4,1
1781,22326008,23677142,7,4,0
1787,3596847,19654783,13,4,1
1790,13140215,19654783,13,4,1
1793,3894025,19654783,13,4,1
1798,17510245,20740028,13,4,1
1799,5936119,17510245,13,4,1
1803,17510245,22648484,13,4,1
1808,11205237,17510245,13,4,1
1810,136941,22060129,44,4,1
1816,4490317,17510245,13,4,1
1817,4758170,22060129,44,4,0
1818,6938966,17510245,13,4,1
1832,9210368,17621069,13,4,1
1837,9210368,17621073,13,4,1
1838,3868943,22060129,44,4,1
1840,9210368,17467511,13,4,1
1843,4128381,22060129,44,4,0
1843,9210368,13088707,13,4,1
1855,9210368,22181822,13,4,1
1855,16152856,22060129,44,4,1
1857,4328782,22060129,44,4,1
1861,9755674,22060129,44,4,1
1861,5936119,20740028,13,4,1
1864,17621069,20740028,13,4,1
1866,13160464,20740028,13,4,1
1867,950313,22060129,44,4,1
1886,7200130,20740028,13,4,1
1894,13839383,22060129,44,4,1
1901,5172908,20740028,13,4,1
1903,7670209,20740028,13,4,1
1907,5936119,17621071,13,4,1
1908,5936119,13160464,13,4,1
1917,1721214,5936119,13,4,1
1918,103828,136941,44,4,1
1918,5936119,17467511,13,4,1
1920,136941,4758170,44,4,0
1921,5936119,8586224,13,4,1
1924,2451218,5936119,13,4,1
1926,5936119,8533735,13,4,1
1930,5936119,19076717,13,4,1
1932,5936119,20328639,13,4,1
1935,5936119,10868405,13,4,1
1939,5936119,19654782,13,4,0
1940,1313371,5936119,13,4,1
1947,13160464,16380022,13,4,1
1954,16380022,17467511,13,4,0
1959,8533735,16380022,13,4,1
1964,3596847,16380022,13,4,0
1970,136941,3868943,44,4,1
1972,1362,15822137,7,4,1
1975,136941,4128381,44,4,0
1975,5226973,17621071,13,4,1
1976,5226973,13160464,13,4,1
1977,1362,19260977,7,4,1
1984,5226973,17467511,13,4,1
1987,136941,16152856,44,4,1
1989,136941,4328782,44,4,1
1989,5226973,13088707,13,4,1
1990,2451218,5226973,13,4,1
1992,5226973,8533735,13,4,1
1993,136941,9755674,44,4,1
1997,5226973,6938966,13,4,1
1998,5226973,20328639,13,4,1
2004,5226973,22181822,13,4,0
2015,1362,17985016,7,4,0
2016,11205237,17621069,13,4,1
2018,1721214,17621069,13,4,1
2025,1362,11374801,7,4,1
2025,136941,13839383,44,4,1
2027,6938966,17621069,13,4,1
2028,1362,7041871,7,4,1
2034,17621069,19654782,13,4,1
2036,3894025,17621069,13,4,1
2038,7848932,17621069,13,4,1
2040,13160464,17621071,13,4,1
2041,1362,23089693,7,4,1
2041,17621071,22648484,13,4,1
2045,11205237,17621071,13,4,0
2052,13088707,17621071,13,4,0
2055,8533735,17621071,13,4,1
2057,1362,6972162,7,4,1
2063,1362,15757836,7,4,0
2065,13140215,17621071,13,4,1
2070,103828,4758170,44,4,1
2075,1362,10174628,7,4,1
2078,13160464,17621073,13,4,1
2079,11205237,13160464,13,4,1
2082,1721214,13160464,13,4,0
2087,8533735,13160464,13,4,0
2089,4490317,13160464,13,4,1
2101,5172908,13160464,13,4,0
2102,7848932,13160464,13,4,0
2117,103828,3868943,44,4,1
2122,103828,4128381,44,4,1
2129,1721214,22648484,13,4,0
2130,4449697,22088424,7,4,1
2134,103828,16152856,44,4,1
2135,13088707,22648484,13,4,1
2136,103828,4328782,44,4,1
2137,8533735,22648484,13,4,0
2139,7200130,22648484,13,4,1
2140,103828,9755674,44,4,1
2141,19076717,22648484,13,4,1
2143,20328639,22648484,13,4,1
2144,3596847,22648484,13,4,1
2145,19654780,22648484,13,4,1
2146,103828,950313,44,4,0
2149,22181822,22648484,13,4,1
2150,19654782,22648484,13,4,0
2155,7848932,22648484,13,4,1
2156,7670209,22648484,13,4,1
2173,103828,13839383,44,4,0
2178,7436917,13088707,13,4,1
2182,4490317,7436917,13,4,0
2189,7436917,13140215,13,4,0
2191,13696846,22088424,7,4,0
2193,5172908,7436917,13,4,0
2194,7436917,7848932,13,4,1
2195,7436917,7670209,13,4,1
2203,120983,22088424,7,4,1
2212,3868943,4758170,44,4,1
2216,7327761,22088424,7,4,1
2217,4128381,4758170,44,4,1
2220,17630908,22088424,7,4,1
2231,1721214,17621073,13,4,0
2233,4758170,16152856,44,4,1
2235,4328782,4758170,44,4,1
2236,13088707,17621073,13,4,1
2239,4758170,9755674,44,4,1
2242,17621073,19076717,13,4,1
2244,17621073,20328639,13,4,1
2244,2086683,15822137,7,4,1
2245,950313,4758170,44,4,1
2247,10868405,17621073,13,4,1
2262,9883524,11205237,13,4,1
2264,521113,15822137,7,4,1
2272,4758170,13839383,44,4,1
2272,11205237,19076717,13,4,1
2273,6938966,11205237,13,4,1
2274,11205237,20328639,13,4,1
2278,3596849,11205237,13,4,1
2281,11205237,19654782,13,4,0
2283,11939522,15822137,7,4,1
2284,15822137,17630910,7,4,1
2285,5172908,11205237,13,4,1
2287,7670209,11205237,13,4,1
2298,9225969,15822137,7,4,1
2318,1721214,7839341,13,4,0
2319,7839341,9883524,13,4,1
2322,7839341,8533735,13,4,1
2324,4490317,7839341,13,4,1
2331,7839341,22181822,13,4,0
2332,1313371,7839341,13,4,1
2335,7839341,7848932,13,4,0
2338,1721214,9883524,13,4,1
2342,1721214,13088707,13,4,1
2343,15822137,16064530,7,4,1
2345,1721214,8533735,13,4,1
2348,1721214,4490317,13,4,1
2350,1721214,6938966,13,4,1
2351,1721214,20328639,13,4,0
2352,1721214,3596847,13,4,1
2353,1721214,19654780,13,4,1
2359,1313371,1721214,13,4,0
2362,1721214,5172908,13,4,0
2374,17467511,20328639,13,4,1
2375,3596847,17467511,13,4,1
2379,17467511,22181822,13,4,1
2384,7848932,17467511,13,4,1
2389,9883524,13088707,13,4,1
2392,8533735,9883524,13,4,1
2411,7670209,9883524,13,4,1
2435,8586224,19076717,13,4,0
2440,3596849,8586224,13,4,1
2441,8586224,13140215,13,4,1
2442,8586224,22181822,13,4,1
2444,3894025,8586224,13,4,0
2445,5172908,8586224,13,4,1
2475,13088707,19076717,13,4,1
2476,6938966,13088707,13,4,1
2477,13088707,20328639,13,4,1
2478,3596847,13088707,13,4,1
2487,7848932,13088707,13,4,1
2490,2451218,8533735,13,4,1
2515,3868943,4128381,44,4,1
2527,3868943,16152856,44,4,0
2528,1668091,15287811,7,4,1
2529,8533735,19076717,13,4,1
2529,3868943,4328782,44,4,1
2532,1668091,5682569,7,4,1
2533,3868943,9755674,44,4,1
2533,1668091,21273054,7,4,0
2534,3596849,8533735,13,4,0
2536,1668091,21273058,7,4,0
2537,1668091,9221721,7,4,1
2537,1313371,8533735,13,4,0
2539,950313,3868943,44,4,0
2548,1668091,3673682,7,4,0
2559,4490317,7200130,13,4,1
2560,7200130,19076717,13,4,1
2561,1668091,17630910,7,4,1
2562,3596847,7200130,13,4,1
2563,7200130,10868405,13,4,1
2566,3868943,13839383,44,4,1
2572,4490317,19076717,13,4,1
2574,4490317,20328639,13,4,0
2575,3596847,4490317,13,4,1
2578,3596849,4490317,13,4,1
2580,4490317,22181822,13,4,1
2586,4490317,7848932,13,4,0
2589,19076717,20328639,13,4,1
2590,3596847,19076717,13,4,1
2590,1668091,13799349,7,4,1
2597,1668091,13696846,7,4,1
2600,4128381,16152856,44,4,0
2602,4128381,4328782,44,4,0
2604,3596847,6938966,13,4,1
2606,4128381,9755674,44,4,0
2610,6938966,19654782,13,4,1
2617,1668091,10174628,7,4,1
2619,1668091,21273051,7,4,0
2619,13140215,20328639,13,4,1
2620,20328639,22181822,13,4,1
2623,3894025,20328639,13,4,1
2626,7848932,20328639,13,4,1
2629,3596847,10868405,13,4,1
2631,950313,4128381,44,4,1
2641,3596849,19654780,13,4,1
2643,19654780,22181822,13,4,1
2645,3894025,19654780,13,4,1
2649,12561704,21273058,7,4,1
2650,10868405,13140215,13,4,1
2652,10868405,19654782,13,4,1
2658,4128381,13839383,44,4,1
2661,3596849,19654782,13,4,1
2662,1313371,3596849,13,4,1
2663,3596849,3894025,13,4,1
2665,3596849,5172908,13,4,1
2668,12561704,19972831,7,4,1
2671,3894025,13140215,13,4,0
2675,7670209,13140215,13,4,1
2679,5172908,22181822,13,4,0
2681,7670209,22181822,13,4,0
2687,1313371,3894025,13,4,1
2690,1313371,7848932,13,4,1
2691,878123,12561704,7,4,1
2699,5172908,7848932,13,4,1
2732,4328782,16152856,44,4,0
2736,9755674,16152856,44,4,1
2742,950313,16152856,44,4,1
2769,13839383,16152856,44,4,1
2769,12747342,19972831,7,4,1
2770,8166293,12747342,7,4,1
2775,12747342,21273053,7,4,0
2787,4328782,9755674,44,4,0
2788,950313,4328782,44,4,1
2789,4328782,13839383,44,4,0
2796,950313,9755674,44,4,1
2834,12747342,22486940,7,4,1
2836,7327761,12747342,7,4,1
2898,950313,13839383,44,4,0
2902,15069644,21273053,7,4,1
2919,15069644,17583188,7,4,1
2930,15069644,23089693,7,4,0
2947,15069644,22026286,7,4,0
2972,10174628,15069644,7,4,1
2975,15069644,21273051,7,4,1
2982,15069644,17630908,7,4,1
3000,12646326,15069644,7,4,1
3017,9385633,14632238,7,4,1
3019,9385633,12176858,7,4,0
3027,4449697,9385633,7,4,1
3041,6016307,9385633,7,4,0
3127,2086684,9385633,7,4,1
3154,8359775,17630909,7,4,1
3196,4272289,8359775,7,4,0
3231,8359775,22026286,7,4,1
3245,120983,8359775,7,4,1
3292,9221721,19260977,7,4,1
3294,14632238,19260977,7,4,1
3317,7635628,19260977,7,4,0
3327,529986,19260977,7,4,1
3330,15195064,19260977,7,4,1
3388,14132423,19260977,7,4,1
3406,2086683,17630905,7,4,1
3408,5682569,17630905,7,4,1
3422,17583193,17630905,7,4,1
3448,4272289,17630905,7,4,1
3458,17630905,22307690,7,4,1
3545,15287811,20680657,7,4,1
3559,15287811,17630906,7,4,1
3579,477320,15287811,7,4,0
3583,15287811,17583188,7,4,1
3590,3338750,15287811,7,4,1
3641,2086684,15287811,7,4,1
3701,6920765,21779336,7,4,1
3707,6920765,7041871,7,4,1
3784,6920765,6963063,7,4,1
3797,2086683,14132422,7,4,1
3800,2086683,9221721,7,4,1
3802,2086683,14632238,7,4,1
3811,2067794,2086683,7,4,1
3839,2086683,11374801,7,4,1
3843,477320,2086683,7,4,1
3863,2086683,22486941,7,4,1
3878,2086683,22326008,7,4,1
3895,2086683,16064530,7,4,1
3902,2086683,11892804,7,4,1
3963,13295656,17630910,7,4,0
3977,13295656,17583188,7,4,1
3998,13295656,21273052,7,4,1
4000,13295656,22026286,7,4,0
4024,13295656,22486940,7,4,0
4025,13295656,21273051,7,4,1
4070,5682569,15568623,7,4,1
4078,5682569,6016307,7,4,1
4084,5682569,17630910,7,4,1
4109,5682569,12122419,7,4,0
4117,5682569,16123665,7,4,1
4136,5682569,22486940,7,4,1
4196,4272289,21273054,7,4,1
4208,21273054,22307690,7,4,1
4220,21273054,22486941,7,4,1
4232,13696846,21273054,7,4,1
4234,6925921,21273054,7,4,1
4266,13243880,21273054,7,4,1
4267,16375558,21273054,7,4,0
4280,3197876,14132422,7,4,0
4283,3197876,9221721,7,4,0
4300,3197876,15568623,7,4,1
4391,3197876,10598170,7,4,1
4422,14132422,20680657,7,4,1
4423,14132422,17583193,7,4,1
4427,521113,14132422,7,4,0
4438,14132422,19972831,7,4,1
4481,6972162,14132422,7,4,1
4488,14132422,15757836,7,4,0
4533,11261440,17630909,7,4,1
4536,17630909,20680657,7,4,1
4619,10174628,17630909,7,4,1
4635,8786313,17630909,7,4,1
4650,12176858,21273058,7,4,1
4652,5127007,21273058,7,4,1
4661,12483251,21273058,7,4,1
4682,21273058,21779336,7,4,1
4696,21273058,22307690,7,4,1
4710,8794510,21273058,7,4,1
4735,21273058,22888751,7,4,1
4773,5127007,9221721,7,4,1
4796,9221721,17985016,7,4,1
4800,9221721,17630910,7,4,1
4825,9221721,23089693,7,4,1
4832,9221721,12122419,7,4,1
4847,6925921,9221721,7,4,1
4848,9221721,10606028,7,4,0
4868,8359774,9221721,7,4,1
4878,9221721,14132423,7,4,1
4896,9221721,20660203,7,4,1
5054,4272289,14632238,7,4,1
5065,9066291,14632238,7,4,1
5073,878123,14632238,7,4,1
5089,14632238,22026286,7,4,1
5099,14632238,15757836,7,4,0
5103,1363,14632238,7,4,1
5115,8359774,14632238,7,4,1
5117,14632238,21273051,7,4,1
5118,11892804,14632238,7,4,1
5171,9075137,22135738,7,4,1
5172,9075137,11939522,7,4,1
5208,9075137,21100204,7,4,1
5212,9075137,21273052,7,4,0
5230,120983,9075137,7,4,1
5235,9075137,22888751,7,4,1
5262,8227164,9075137,7,4,1
5265,8054454,9075137,7,4,1
5270,11261440,12176858,7,4,1
5278,521113,12176858,7,4,1
5290,8166293,12176858,7,4,1
5302,529986,12176858,7,4,1
5317,12176858,22307690,7,4,1
5329,12176858,22486941,7,4,1
5367,12176858,21273051,7,4,1
5379,11371499,12176858,7,4,1
5389,8054454,12176858,7,4,1
5417,11261440,17985016,7,4,1
5448,11261440,15609432,7,4,1
5471,11261440,18378776,7,4,1
5500,11261440,21273059,7,4,1
5502,11261440,22137813,7,4,1
5509,6963063,11261440,7,4,1
5522,4449697,5127007,7,4,1
5551,5127007,22307690,7,4,1
5564,5127007,8794510,7,4,1
5732,12483251,20680657,7,4,1
5765,9225969,20680657,7,4,1
5780,6302678,20680657,7,4,1
5818,20680657,22486940,7,4,1
5829,2086684,20680657,7,4,1
5899,6302678,17583193,7,4,1
5918,5405559,17583193,7,4,1
6085,2067794,10479536,7,4,1
6115,2067794,9066291,7,4,0
6165,2067794,8359774,7,4,1
6192,2067794,12646326,7,4,1
6196,4449697,12483251,7,4,0
6221,4272289,4449697,7,4,1
6240,878123,4449697,7,4,0
6245,4449697,22486941,7,4,1
6262,4449697,10606028,7,4,1
6288,4449697,21273055,7,4,1
6302,4449697,6963063,7,4,1
6310,4449697,20660203,7,4,1
6323,521113,21273053,7,4,1
6350,521113,8794510,7,4,0
6513,3673682,8054454,7,4,0
6567,12483251,17630907,7,4,1
6585,6622146,12483251,7,4,1
6609,10598170,12483251,7,4,0
6766,9225969,15568623,7,4,1
6781,6302678,15568623,7,4,1
7145,10479536,15609433,7,4,0
7149,6016307,10479536,7,4,1
7156,10479536,21273057,7,4,0
7182,10479536,22486941,7,4,0
7190,10479536,21273052,7,4,1
7248,15609433,17985016,7,4,0
7251,11939522,15609433,7,4,1
7258,11374801,15609433,7,4,1
7283,4860089,15609433,7,4,1
7339,17630906,17985016,7,4,1
7343,17630906,21273057,7,4,1
7352,477320,17630906,7,4,1
7357,9225969,17630906,7,4,1
7406,8359774,17630906,7,4,1
7421,8786313,17630906,7,4,1
7440,529986,19972831,7,4,0
7466,19972831,21100204,7,4,0
7474,16123665,19972831,7,4,1
7476,13696846,19972831,7,4,1
7493,19972831,22888751,7,4,1
7533,8166293,21779336,7,4,1
7537,3198237,8166293,7,4,1
7542,8166293,17583188,7,4,1
7551,7227330,8166293,7,4,1
7581,6480424,8166293,7,4,1
7596,8166293,22486940,7,4,1
7609,8166293,11371499,7,4,1
7621,8166293,20181656,7,4,0
7633,529986,6016307,7,4,1
7640,6016307,7041871,7,4,0
7674,6016307,22326008,7,4,0
7690,6016307,22888751,7,4,1
7691,6016307,16064530,7,4,1
7703,6016307,10598170,7,4,1
7710,6016307,13243880,7,4,1
7712,6016307,8786313,7,4,0
7727,7635628,17630910,7,4,1
7728,7635628,21273057,7,4,1
7733,7635628,15195064,7,4,1
7775,120983,7635628,7,4,0
7790,7635628,21273055,7,4,1
7913,7041871,17985016,7,4,1
7941,17985016,21273052,7,4,1
7945,16123665,17985016,7,4,1
7970,8359774,17985016,7,4,1
7995,3365958,17985016,7,4,1
8027,15609432,21273053,7,4,1
8038,13799349,21273053,7,4,1
8073,14132423,21273053,7,4,1
8074,2086684,21273053,7,4,0
8091,11939522,22135738,7,4,1
8120,21100204,22135738,7,4,1
8126,16123665,22135738,7,4,1
8174,529986,11939522,7,4,1
8213,11939522,16123665,7,4,1
8217,6925921,11939522,7,4,0
8222,11939522,15757836,7,4,0
8227,120983,11939522,7,4,1
8237,10174628,11939522,7,4,0
8250,2086684,11939522,7,4,1
8254,11939522,16375558,7,4,1
8262,8054454,11939522,7,4,1
8271,17630910,21779336,7,4,1
8290,878123,17630910,7,4,1
8312,5405559,17630910,7,4,1
8361,529986,21273057,7,4,1
8404,5405559,21273057,7,4,1
8657,529986,22026286,7,4,1
8751,6622146,21779336,7,4,1
8757,120983,21779336,7,4,1
8772,7327761,21779336,7,4,1
8812,7227330,11374801,7,4,1
8818,11374801,12065181,7,4,1
8841,11374801,15757836,7,4,1
8846,120983,11374801,7,4,1
8852,11374801,16064530,7,4,1
8870,11374801,22137813,7,4,0
8888,4272289,7041871,7,4,1
8900,878123,4272289,7,4,0
8906,4272289,21100204,7,4,1
8916,4272289,6925921,7,4,1
8935,4272289,7327761,7,4,1
8973,15195064,21100204,7,4,1
8981,6972162,15195064,7,4,1
8987,6622146,15195064,7,4,1
9017,15195064,16375558,7,4,1
9031,3198237,9225969,7,4,1
9052,3198237,21273056,7,4,1
9078,3198237,8359774,7,4,1
9092,3198237,13243880,7,4,0
9116,477320,3338750,7,4,1
9159,477320,21273055,7,4,1
9215,5405559,7041871,7,4,1
9244,7041871,21273059,7,4,1
9421,17583188,22307690,7,4,0
9441,17583188,21273052,7,4,1
9473,11892804,17583188,7,4,1
9481,17583188,21273059,7,4,1
9496,17583188,20181656,7,4,0
9525,5405559,9225969,7,4,1
9540,9225969,21273051,7,4,1
9548,9225969,22137813,7,4,1
9549,9225969,13243880,7,4,0
9567,81754,6302678,7,4,0
9582,81754,6925921,7,4,1
9583,81754,10606028,7,4,1
9587,81754,15757836,7,4,1
9620,81754,20660203,7,4,1
9704,7227330,9066291,7,4,1
9714,8794510,9066291,7,4,1
9735,1363,9066291,7,4,1
9741,9066291,16064530,7,4,0
9752,9066291,10598170,7,4,0
9755,2086684,9066291,7,4,1
9816,8359774,22307690,7,4,1
10100,7227330,10598170,7,4,1
10108,7227330,13243880,7,4,1
10192,22486941,23089693,7,4,0
10196,21100204,23089693,7,4,1
10212,6622146,23089693,7,4,1
10213,15757836,23089693,7,4,0
10224,16064530,23089693,7,4,0
10243,6963063,23089693,7,4,1
10251,878123,15609432,7,4,1
10265,878123,21273056,7,4,1
10292,878123,8359774,7,4,1
10296,878123,7327761,7,4,0
10298,878123,21273055,7,4,1
10331,15609432,21273056,7,4,1
10352,7327761,15609432,7,4,1
10435,12065181,12122419,7,4,1
10446,12065181,16123665,7,4,1
10500,6302678,22486941,7,4,1
10568,6925921,22486941,7,4,1
10590,22486940,22486941,7,4,0
10591,21273051,22486941,7,4,0
10723,2086684,17630907,7,4,0
10736,3365958,17630907,7,4,1
10737,17630907,20181656,7,4,0
10749,8794510,10606028,7,4,0
10765,8794510,22486940,7,4,1
10767,7327761,8794510,7,4,0
10797,10606028,21100204,7,4,1
10834,8786313,21100204,7,4,1
10858,4860089,5405559,7,4,0
10981,13799349,21273060,7,4,0
10988,13799349,22486940,7,4,1
11014,16123665,21273052,7,4,1
11015,6972162,21273052,7,4,1
11107,13696846,21273056,7,4,1
11141,21273056,22137813,7,4,1
11143,13243880,21273056,7,4,0
11167,1920567,22026286,7,4,1
11183,22026286,22486940,7,4,0
11209,12646326,22026286,7,4,1
11211,6972162,16123665,7,4,1
11227,16123665,22888751,7,4,1
11243,2086684,16123665,7,4,1
11245,13243880,16123665,7,4,1
11266,6972162,15757836,7,4,1
11267,1920567,6972162,7,4,1
11281,6972162,10174628,7,4,1
11289,6972162,10598170,7,4,1
11298,6972162,16375558,7,4,1
11307,3365958,6972162,7,4,0
11340,10598170,13696846,7,4,1
11349,13696846,16375558,7,4,1
11403,6622146,6925921,7,4,1
11405,1920567,6925921,7,4,1
11414,6925921,16064530,7,4,0
11418,6925921,22486940,7,4,1
11429,6925921,11371499,7,4,0
11435,6925921,6963063,7,4,0
11461,8359774,10606028,7,4,1
11491,5405559,15757836,7,4,1
11493,5405559,6480424,7,4,0
11502,5405559,16064530,7,4,1
11563,11371499,18378776,7,4,0
11564,13243880,18378776,7,4,1
11586,6622146,16064530,7,4,1
11595,6622146,7327761,7,4,1
11600,6622146,17630908,7,4,1
11606,6622146,13243880,7,4,1
11663,120983,1920567,7,4,1
11680,1920567,10598170,7,4,1
11713,6480424,10174628,7,4,0
11735,6480424,8054454,7,4,1
11839,120983,11371499,7,4,1
11982,8227164,21273060,7,4,1
12024,8359774,16064530,7,4,1
12137,10174628,21273059,7,4,1
12158,8359774,14132423,7,4,0
12159,8359774,21273059,7,4,1
12176,8359774,20660203,7,4,1
12177,21273051,22486940,7,4,1
12192,8054454,22486940,7,4,0
12202,17630908,21273051,7,4,1
12218,20181656,21273051,7,4,0
12262,3365958,7327761,7,4,1
12291,21273055,21273059,7,4,1
12361,14132423,22137813,7,4,1
12373,14132423,20660203,7,4,0
12387,3365958,21273059,7,4,1
12394,2086684,8786313,7,4,1
12401,2086684,8054454,7,4,1
